Select all table rows,Image,Product Name,Printing,Condition,Rarity,Number,Market Price,"Add to CartWeâ€™re dedicated to helping you save both time and money by finding you the lowest prices around, with priority given to Direct."
Select table row 1,,2-1B Surgical Droid,Printing:NormalFoilNormal,Condition:Near MintNear MintLightly Played,Common,059/252,$0.04,Quantity:1123456789Add To Cart
Select table row 2,,2-1B Surgical Droid (Hyperspace),Printing:NormalFoilNormal,Condition:Near MintNear MintLightly Played,Common,324,$0.17,Quantity:1123456789Add To Cart
Select table row 3,,97th Legion - Keeping the Peace on Sullust,Printing:NormalFoilNormal,Condition:Near MintNear MintLightly Played,Uncommon,118/252,$0.12,Quantity:1123456789Add To Cart
Select table row 4,,97th Legion - Keeping the Peace on Sullust (Hyperspace),Printing:NormalFoilNormal,Near Mint,Uncommon,382,$0.29,Quantity:1123456789Add To Cart
Select table row 5,,AT-AT Suppressor,Printing:NormalFoilNormal,Condition:Near MintNear MintLightly Played,Uncommon,039/252,$0.10,Quantity:1123456789Add To Cart
Select table row 6,,AT-AT Suppressor (Hyperspace),Printing:NormalFoilNormal,Condition:Near MintNear MintLightly Played,Uncommon,305,$0.40,Quantity:1123456789Add To Cart
Select table row 7,,AT-ST,Printing:NormalFoilNormal,Condition:Near MintNear MintLightly Played,Common,232/252,$0.05,Quantity:1123456789Add To Cart
Select table row 8,,AT-ST (Hyperspace),Printing:NormalFoilNormal,Near Mint,Common,493,$0.20,Quantity:1123456789Add To Cart
Select table row 9,,Academy Defense Walker,Printing:NormalFoilNormal,Condition:Near MintNear MintLightly Played,Common,037/252,$0.05,Quantity:1123456789Add To Cart
Select table row 10,,Academy Defense Walker (Hyperspace),Printing:NormalFoilNormal,Condition:Near MintNear MintLightly Played,Common,303,$0.19,Quantity:1123456789Add To Cart
Select table row 11,,Academy Training,Printing:NormalFoilNormal,Condition:Near MintNear MintLightly Played,Common,120/252,$0.05,Quantity:1123456789Add To Cart
Select table row 12,,Academy Training (Hyperspace),Printing:NormalFoilNormal,Condition:Near MintNear MintLightly Played,Common,384,$0.15,Quantity:1123456789Add To Cart
Select table row 13,,Administrator's Tower,Normal,Condition:Near MintNear MintLightly Played,Common,029/252,$0.07,Quantity:1123456789Add To Cart
Select table row 14,,Administrator's Tower (Hyperspace),Normal,Near Mint,Common,295,$0.24,Quantity:1123456789Add To Cart
Select table row 15,,Administrator's Tower // Experience,Normal,Near Mint,Common,29 // T01,$0.06,Quantity:1123456789Add To Cart
Select table row 16,,Administrator's Tower // Experience (Hyperspace),Normal,Condition:Near MintNear MintLightly Played,Common,295 // T03,$0.11,Quantity:1123456789Add To Cart
Select table row 17,,Administrator's Tower // Shield,Normal,Condition:Near MintNear MintLightly Played,Common,29 // T02,$0.06,Quantity:1123456789Add To Cart
Select table row 18,,Administrator's Tower // Shield (Hyperspace),Normal,Condition:Near MintNear MintLightly Played,Common,295 // T04,$0.16,Quantity:1123456789Add To Cart
Select table row 19,,Admiral Ackbar - Brilliant Strategist,Printing:NormalFoilNormal,Condition:Near MintNear MintLightly PlayedModerately Played,Rare,097/252,$0.42,Quantity:1123456789Add To Cart
Select table row 20,,Admiral Ackbar - Brilliant Strategist (Hyperspace),Printing:NormalFoilNormal,Condition:Near MintNear MintLightly Played,Rare,361,$2.50,Quantity:1123456789Add To Cart
Select table row 21,,Admiral Motti - Brazen and Scornful,Normal,Condition:Near MintNear MintLightly Played,Special,226/252,$0.72,Quantity:1123456789Add To Cart
Select table row 22,,Admiral Ozzel - Overconfident,Printing:NormalFoilNormal,Condition:Near MintNear MintLightly Played,Uncommon,129/252,$0.07,Quantity:1123456789Add To Cart
Select table row 23,,Admiral Ozzel - Overconfident (Hyperspace),Printing:NormalFoilNormal,Near Mint,Uncommon,393,$0.28,Quantity:1123456789Add To Cart
Select table row 24,,Admiral Piett - Captain of the Executor,Printing:NormalFoilNormal,Condition:Near MintNear MintLightly Played,Uncommon,079/252,$0.10,Quantity:1123456789Add To Cart
Select table row 25,,Admiral Piett - Captain of the Executor (Hyperspace),Printing:NormalFoilNormal,Condition:Near MintNear MintLightly Played,Uncommon,344,$0.81,Quantity:1123456789Add To Cart
Select table row 26,,Agent Kallus - Seeking the Rebels,Printing:NormalFoilNormal,Condition:Near MintNear MintLightly Played,Rare,115/252,$0.21,Quantity:1123456789Add To Cart
Select table row 27,,Agent Kallus - Seeking the Rebels (Hyperspace),Printing:NormalFoilNormal,Condition:Near MintNear MintLightly Played,Rare,379,$2.60,Quantity:1123456789Add To Cart
Select table row 28,,Aggression,Printing:NormalFoilNormal,Condition:Near MintNear MintLightly PlayedModerately PlayedDamaged,Legendary,155/252,$4.46,Quantity:1123456789Add To Cart
Select table row 29,,Aggression (Hyperspace),Printing:NormalFoilNormal,Condition:Near MintNear MintLightly Played,Legendary,418,$9.10,Quantity:1123456789Add To Cart
Select table row 30,,Alliance Dispatcher,Printing:NormalFoilNormal,Condition:Near MintNear MintLightly Played,Common,093/252,$0.09,Quantity:1123456789Add To Cart
Select table row 31,,Alliance Dispatcher (Hyperspace),Printing:NormalFoilNormal,Condition:Near MintNear MintLightly Played,Common,357,$0.29,Quantity:1123456789Add To Cart
Select table row 32,,Alliance X-Wing,Printing:NormalFoilNormal,Condition:Near MintNear MintLightly Played,Common,237/252,$0.06,Quantity:1123456789Add To Cart
Select table row 33,,Alliance X-Wing (Hyperspace),Printing:NormalFoilNormal,Condition:Near MintNear MintLightly Played,Common,496,$0.26,Quantity:1123456789Add To Cart
Select table row 34,,Ardent Sympathizer,Printing:NormalFoilNormal,Condition:Near MintNear MintLightly Played,Common,161/252,$0.04,Quantity:1123456789Add To Cart
Select table row 35,,Ardent Sympathizer (Hyperspace),Printing:NormalFoilNormal,Near Mint,Common,424,$0.13,Quantity:1123456789Add To Cart
Select table row 36,,Asteroid Sanctuary,Printing:NormalFoilNormal,Condition:Near MintNear MintLightly Played,Common,218/252,$0.05,Quantity:1123456789Add To Cart
Select table row 37,,Asteroid Sanctuary (Hyperspace),Printing:NormalFoilNormal,Condition:Near MintNear MintLightly Played,Common,480,$0.20,Quantity:1123456789Add To Cart
Select table row 38,,Attack Pattern Delta,Printing:NormalFoilNormal,Condition:Near MintNear MintLightly Played,Uncommon,106/252,$0.10,Quantity:1123456789Add To Cart
Select table row 39,,Attack Pattern Delta (Hyperspace),Printing:NormalFoilNormal,Condition:Near MintNear MintLightly Played,Uncommon,370,$0.66,Quantity:1123456789Add To Cart
Select table row 40,,Auzituck Liberator Gunship,Printing:NormalFoilNormal,Condition:Near MintNear MintLightly Played,Common,195/252,$0.03,Quantity:1123456789Add To Cart
Select table row 41,,Auzituck Liberator Gunship (Hyperspace),Printing:NormalFoilNormal,Condition:Near MintNear MintLightly Played,Common,457,$0.20,Quantity:1123456789Add To Cart
Select table row 42,,Avenger - Hunting Star Destroyer,Printing:NormalFoilNormal,Condition:Near MintNear MintLightly PlayedModerately PlayedDamaged,Legendary,040/252,$6.35,Quantity:1123456789Add To Cart
Select table row 43,,Avenger - Hunting Star Destroyer (Hyperspace),Printing:NormalFoilNormal,Condition:Near MintNear MintLightly PlayedModerately Played,Legendary,306,$18.61,Quantity:1123456789Add To Cart
Select table row 44,,Bail Organa - Rebel Councilor,Printing:NormalFoilNormal,Condition:Near MintNear MintLightly PlayedModerately Played,Rare,094/252,$0.19,Quantity:1123456789Add To Cart
Select table row 45,,Bail Organa - Rebel Councilor (Hyperspace),Printing:NormalFoilNormal,Condition:Near MintNear MintLightly Played,Rare,358,$1.02,Quantity:1123456789Add To Cart
Select table row 46,,Bamboozle,Printing:NormalFoilNormal,Condition:Near MintNear MintLightly PlayedModerately Played,Uncommon,199/252,$0.18,Quantity:1123456789Add To Cart
Select table row 47,,Bamboozle (Hyperspace),Printing:NormalFoilNormal,Condition:Near MintNear MintLightly Played,Uncommon,461,$3.19,Quantity:1123456789Add To Cart
Select table row 48,,Battlefield Marine,Printing:NormalFoilNormal,Condition:Near MintNear MintLightly Played,Common,095/252,$0.10,Quantity:1123456789Add To Cart
Select table row 49,,Battlefield Marine (Hyperspace),Printing:NormalFoilNormal,Condition:Near MintNear MintLightly Played,Common,359,$0.41,Quantity:1123456789Add To Cart
Select table row 50,,Baze Malbus - Temple Guardian,Printing:NormalFoilNormal,Condition:Near MintNear MintLightly Played,Uncommon,065/252,$0.11,Quantity:1123456789Add To Cart
Select table row 51,,Baze Malbus - Temple Guardian (Hyperspace),Printing:NormalFoilNormal,Condition:Near MintNear MintLightly Played,Uncommon,330,$0.29,Quantity:1123456789Add To Cart
Select table row 52,,Bendu - The One in the Middle,Printing:NormalFoilNormal,Condition:Near MintNear MintLightly Played,Rare,056/252,$0.21,Quantity:1123456789Add To Cart
Select table row 53,,Bendu - The One in the Middle (Hyperspace),Printing:NormalFoilNormal,Condition:Near MintNear MintLightly Played,Rare,321,$2.05,Quantity:1123456789Add To Cart
Select table row 54,,"Benthic ""Two Tubes"" - Partisan Lieutenant",Printing:NormalFoilNormal,Condition:Near MintNear MintLightly Played,Uncommon,156/252,$0.17,Quantity:1123456789Add To Cart
Select table row 55,,"Benthic ""Two Tubes"" - Partisan Lieutenant (Hyperspace)",Printing:NormalFoilNormal,Condition:Near MintNear MintLightly Played,Uncommon,419,$1.17,Quantity:1123456789Add To Cart
Select table row 56,,Bib Fortuna - Jabba's Majordomo,Printing:NormalFoilNormal,Condition:Near MintNear MintLightly Played,Uncommon,177/252,$0.11,Quantity:1123456789Add To Cart
Select table row 57,,Bib Fortuna - Jabba's Majordomo (Hyperspace),Printing:NormalFoilNormal,Condition:Near MintNear MintLightly Played,Uncommon,440,$1.00,Quantity:1123456789Add To Cart
Select table row 58,,Black One - Scourge of Starkiller Base,Printing:NormalFoilNormal,Condition:Near MintNear MintLightly PlayedModerately PlayedDamaged,Legendary,147/252,$0.45,Quantity:1123456789Add To Cart
Select table row 59,,Black One - Scourge of Starkiller Base (Hyperspace),Printing:NormalFoilNormal,Condition:Near MintNear MintLightly Played,Legendary,410,$1.80,Quantity:1123456789Add To Cart
Select table row 60,,Blizzard Assault AT-AT,Printing:NormalFoilNormal,Condition:Near MintNear MintLightly Played,Uncommon,088/252,$0.09,Quantity:1123456789Add To Cart
Select table row 61,,Blizzard Assault AT-AT (Hyperspace),Printing:NormalFoilNormal,Near Mint,Uncommon,352,$0.33,Quantity:1123456789Add To Cart
Select table row 62,,Boba Fett - Collecting the Bounty,Normal,Condition:Near MintNear MintLightly Played,Common,015/252,$0.08,Quantity:1123456789Add To Cart
Select table row 63,,Boba Fett - Collecting the Bounty (Hyperspace),Normal,Condition:Near MintNear MintLightly Played,Common,281,$0.21,Quantity:1123456789Add To Cart
Select table row 64,,Boba Fett - Collecting the Bounty (Showcase),Foil,Condition:Near MintNear MintLightly Played,Common,265,$224.95,Quantity:1123456789Add To Cart
Select table row 65,,Boba Fett - Disintegrator,Printing:NormalFoilNormal,Condition:Near MintNear MintLightly PlayedModerately PlayedDamaged,Legendary,179/252,$4.94,Quantity:1123456789Add To Cart
Select table row 66,,Boba Fett - Disintegrator (Hyperspace),Printing:NormalFoilNormal,Condition:Near MintNear MintLightly Played,Legendary,442,$14.30,Quantity:1123456789Add To Cart
Select table row 67,,Bodhi Rook - Imperial Defector,Printing:NormalFoilNormal,Condition:Near MintNear MintLightly PlayedModerately Played,Rare,201/252,$0.27,Quantity:1123456789Add To Cart
Select table row 68,,Bodhi Rook - Imperial Defector (Hyperspace),Printing:NormalFoilNormal,Condition:Near MintNear MintLightly Played,Rare,463,$2.37,Quantity:1123456789Add To Cart
Select table row 69,,Bombing Run,Printing:NormalFoilNormal,Condition:Near MintNear MintLightly PlayedModerately PlayedDamaged,Rare,173/252,$1.55,Quantity:1123456789Add To Cart
Select table row 70,,Bombing Run (Hyperspace),Printing:NormalFoilNormal,Condition:Near MintNear MintLightly Played,Rare,436,$8.96,Quantity:1123456789Add To Cart
Select table row 71,,Bossk - Deadly Stalker,Printing:NormalFoilNormal,Condition:Near MintNear MintLightly Played,Uncommon,182/252,$0.13,Quantity:1123456789Add To Cart
Select table row 72,,Bossk - Deadly Stalker (Hyperspace),Printing:NormalFoilNormal,Condition:Near MintNear MintLightly Played,Uncommon,445,$1.03,Quantity:1123456789Add To Cart
Select table row 73,,Bounty Hunter Crew,Printing:NormalFoilNormal,Condition:Near MintNear MintLightly Played,Common,183/252,$0.06,Quantity:1123456789Add To Cart
Select table row 74,,Bounty Hunter Crew (Hyperspace),Printing:NormalFoilNormal,Condition:Near MintNear MintLightly Played,Common,446,$0.21,Quantity:1123456789Add To Cart
Select table row 75,,Bright Hope - The Last Transport,Printing:NormalFoilNormal,Condition:Near MintNear MintLightly Played,Uncommon,099/252,$0.37,Quantity:1123456789Add To Cart
Select table row 76,,Bright Hope - The Last Transport (Hyperspace),Printing:NormalFoilNormal,Condition:Near MintNear MintLightly Played,Uncommon,363,$4.19,Quantity:1123456789Add To Cart
Select table row 77,,C-3PO - Protocol Droid,Normal,Condition:Near MintNear MintLightly Played,Special,238/252,$0.61,Quantity:1123456789Add To Cart
Select table row 78,,Cantina Bouncer,Printing:NormalFoilNormal,Condition:Near MintNear MintLightly Played,Uncommon,202/252,$0.10,Quantity:1123456789Add To Cart
Select table row 79,,Cantina Bouncer (Hyperspace),Printing:NormalFoilNormal,Condition:Near MintNear MintLightly Played,Uncommon,464,$0.65,Quantity:1123456789Add To Cart
Select table row 80,,Cantina Braggart,Printing:NormalFoilNormal,Condition:Near MintNear MintLightly Played,Common,157/252,$0.04,Quantity:1123456789Add To Cart
Select table row 81,,Cantina Braggart (Hyperspace),Printing:NormalFoilNormal,Near Mint,Common,420,$0.13,Quantity:1123456789Add To Cart
Select table row 82,,Capital City,Normal,Near Mint,Common,020/252,$0.10,Quantity:1123456789Add To Cart
Select table row 83,,Capital City (Hyperspace),Normal,Near Mint,Common,286,$0.28,Quantity:1123456789Add To Cart
Select table row 84,,Capital City // Experience,Normal,Condition:Near MintNear MintLightly Played,Common,20 // T01,$0.06,Quantity:1123456789Add To Cart
Select table row 85,,Capital City // Experience (Hyperspace),Normal,Near Mint,Common,286 // T03,$0.14,Quantity:1123456789Add To Cart
Select table row 86,,Capital City // Shield,Normal,Near Mint,Common,20 // T02,$0.05,Quantity:1123456789Add To Cart
Select table row 87,,Capital City // Shield (Hyperspace),Normal,Near Mint,Common,286 // T04,$0.13,Quantity:1123456789Add To Cart
Select table row 88,,Cargo Juggernaut,Printing:NormalFoilNormal,Condition:Near MintNear MintLightly Played,Common,068/252,$0.05,Quantity:1123456789Add To Cart
Select table row 89,,Cargo Juggernaut (Hyperspace),Printing:NormalFoilNormal,Near Mint,Common,333,$0.16,Quantity:1123456789Add To Cart
Select table row 90,,Cartel Spacer,Printing:NormalFoilNormal,Condition:Near MintNear MintLightly Played,Uncommon,178/252,$0.17,Quantity:1123456789Add To Cart
Select table row 91,,Cartel Spacer (Hyperspace),Printing:NormalFoilNormal,Condition:Near MintNear MintLightly Played,Uncommon,441,$2.29,Quantity:1123456789Add To Cart
Select table row 92,,Cassian Andor - Dedicated to the Rebellion,Normal,Condition:Near MintNear MintLightly Played,Rare,013/252,$0.14,Quantity:1123456789Add To Cart
Select table row 93,,Cassian Andor - Dedicated to the Rebellion (Hyperspace),Normal,Condition:Near MintNear MintLightly Played,Rare,279,$0.49,Quantity:1123456789Add To Cart
Select table row 94,,Cassian Andor - Dedicated to the Rebellion (Showcase),Foil,Near Mint,Rare,263,$80.98,Quantity:1123456789Add To Cart
Select table row 95,,Catacombs of Cadera,Normal,Near Mint,Common,026/252,$0.16,Quantity:1123456789Add To Cart
Select table row 96,,Catacombs of Cadera (Hyperspace),Normal,Near Mint,Common,292,$0.34,Quantity:1123456789Add To Cart
Select table row 97,,Catacombs of Cadera // Experience,Normal,Condition:Near MintNear MintLightly Played,Common,26 // T01,$0.06,Quantity:1123456789Add To Cart
Select table row 98,,Catacombs of Cadera // Experience (Hyperspace),Normal,Near Mint,Common,292 // T03,$0.13,Quantity:1123456789Add To Cart
Select table row 99,,Catacombs of Cadera // Shield,Normal,Condition:Near MintNear MintLightly Played,Common,26 // T02,$0.05,Quantity:1123456789Add To Cart
Select table row 100,,Catacombs of Cadera // Shield (Hyperspace),Normal,Condition:Near MintNear MintLightly Played,Common,292 // T04,$0.15,Quantity:1123456789Add To Cart
Select table row 101,,Cell Block Guard,Printing:NormalFoilNormal,Condition:Near MintNear MintLightly Played,Common,229/252,$0.11,Quantity:1123456789Add To Cart
Select table row 102,,Cell Block Guard (Hyperspace),Printing:NormalFoilNormal,Condition:Near MintNear MintLightly Played,Common,490,$0.30,Quantity:1123456789Add To Cart
Select table row 103,,Change of Heart,Printing:NormalFoilNormal,Condition:Near MintNear MintLightly PlayedModerately Played,Legendary,224/252,$2.75,Quantity:1123456789Add To Cart
Select table row 104,,Change of Heart (Hyperspace),Printing:NormalFoilNormal,Condition:Near MintNear MintLightly Played,Legendary,486,$4.57,Quantity:1123456789Add To Cart
Select table row 105,,Chewbacca - Loyal Companion,Printing:NormalFoilNormal,Condition:Near MintNear MintLightly Played,Uncommon,196/252,$0.12,Quantity:1123456789Add To Cart
Select table row 106,,Chewbacca - Loyal Companion (Hyperspace),Printing:NormalFoilNormal,Condition:Near MintNear MintLightly Played,Uncommon,458,$0.59,Quantity:1123456789Add To Cart
Select table row 107,,Chewbacca - Walking Carpet,Normal,Condition:Near MintNear MintLightly Played,Common,003/252,$0.08,Quantity:1123456789Add To Cart
Select table row 108,,Chewbacca - Walking Carpet (Hyperspace),Normal,Condition:Near MintNear MintLightly Played,Common,271,$0.17,Quantity:1123456789Add To Cart
Select table row 109,,Chewbacca - Walking Carpet (Showcase),Foil,Condition:Near MintNear MintModerately Played,Common,255,$93.99,Quantity:1123456789Add To Cart
Select table row 110,,Chimaera - Flagship of the Seventh Fleet,Printing:NormalFoilNormal,Condition:Near MintNear MintLightly PlayedModerately Played,Rare,185/252,$0.18,Quantity:1123456789Add To Cart
Select table row 111,,Chimaera - Flagship of the Seventh Fleet (Hyperspace),Printing:NormalFoilNormal,Condition:Near MintNear MintLightly Played,Rare,448,$1.72,Quantity:1123456789Add To Cart
Select table row 112,,Chirrut Imwe - One With The Force,Normal,Condition:Near MintNear MintLightly Played,Rare,004/252,$0.13,Quantity:1123456789Add To Cart
Select table row 113,,Chirrut Imwe - One With The Force (Hyperspace),Normal,Condition:Near MintNear MintLightly Played,Rare,272,$0.29,Quantity:1123456789Add To Cart
Select table row 114,,Chirrut Imwe - One With The Force (Showcase),Foil,Condition:Near MintNear MintLightly Played,Rare,256,$77.31,Quantity:1123456789Add To Cart
Select table row 115,,Chopper - Metal Menace,Printing:NormalFoilNormal,Condition:Near MintNear MintLightly Played,Rare,188/252,$0.45,Quantity:1123456789Add To Cart
Select table row 116,,Chopper - Metal Menace (Hyperspace),Printing:NormalFoilNormal,Condition:Near MintNear MintLightly Played,Rare,451,$2.95,Quantity:1123456789Add To Cart
Select table row 117,,Chopper Base,Normal,Near Mint,Common,030/252,$0.12,Quantity:1123456789Add To Cart
Select table row 118,,Chopper Base (Hyperspace),Normal,Condition:Near MintNear MintLightly Played,Common,296,$0.29,Quantity:1123456789Add To Cart
Select table row 119,,Chopper Base // Experience,Normal,Condition:Near MintNear MintLightly Played,Common,30 // T01,$0.07,Quantity:1123456789Add To Cart
Select table row 120,,Chopper Base // Experience (Hyperspace),Normal,Near Mint,Common,296 // T03,$0.14,Quantity:1123456789Add To Cart
Select table row 121,,Chopper Base // Shield,Normal,Condition:Near MintNear MintLightly Played,Common,30 // T02,$0.08,Quantity:1123456789Add To Cart
Select table row 122,,Chopper Base // Shield (Hyperspace),Normal,Condition:Near MintNear MintLightly Played,Common,296 // T04,$0.13,Quantity:1123456789Add To Cart
Select table row 123,,Cloud City Wing Guard,Printing:NormalFoilNormal,Condition:Near MintNear MintLightly Played,Common,063/252,$0.05,Quantity:1123456789Add To Cart
Select table row 124,,Cloud City Wing Guard (Hyperspace),Printing:NormalFoilNormal,Condition:Near MintNear MintLightly Played,Common,328,$0.14,Quantity:1123456789Add To Cart
Select table row 125,,Colonel Yularen - ISB Director,Printing:NormalFoilNormal,Condition:Near MintNear MintLightly Played,Uncommon,109/252,$0.14,Quantity:1123456789Add To Cart
Select table row 126,,Colonel Yularen - ISB Director (Hyperspace),Printing:NormalFoilNormal,Condition:Near MintNear MintLightly Played,Uncommon,373,$1.33,Quantity:1123456789Add To Cart
Select table row 127,,Command,Printing:NormalFoilNormal,Condition:Near MintNear MintLightly PlayedModerately Played,Legendary,107/252,$4.50,Quantity:1123456789Add To Cart
Select table row 128,,Command (Hyperspace),Printing:NormalFoilNormal,Condition:Near MintNear MintLightly Played,Legendary,371,$6.22,Quantity:1123456789Add To Cart
Select table row 129,,Command Center,Normal,Condition:Near MintNear MintLightly Played,Common,023/252,$0.07,Quantity:1123456789Add To Cart
Select table row 130,,Command Center (Hyperspace),Normal,Near Mint,Common,289,$0.26,Quantity:1123456789Add To Cart
Select table row 131,,Command Center // Experience,Normal,Near Mint,Common,23 // T01,$0.03,Quantity:1123456789Add To Cart
Select table row 132,,Command Center // Experience (Hyperspace),Normal,Condition:Near MintNear MintLightly Played,Common,289 // T03,$0.15,Quantity:1123456789Add To Cart
Select table row 133,,Command Center // Shield,Normal,Condition:Near MintNear MintLightly Played,Common,23 // T02,$0.06,Quantity:1123456789Add To Cart
Select table row 134,,Command Center // Shield (Hyperspace),Normal,Condition:Near MintNear MintLightly Played,Common,289 // T04,$0.14,Quantity:1123456789Add To Cart
Select table row 135,,Confiscate,Printing:NormalFoilNormal,Condition:Near MintNear MintLightly Played,Common,251/252,$0.14,Quantity:1123456789Add To Cart
Select table row 136,,Confiscate (Hyperspace),Printing:NormalFoilNormal,Condition:Near MintNear MintLightly Played,Common,509,$1.96,Quantity:1123456789Add To Cart
Select table row 137,,Consortium StarViper,Printing:NormalFoilNormal,Condition:Near MintNear MintLightly Played,Common,112/252,$0.08,Quantity:1123456789Add To Cart
Select table row 138,,Consortium StarViper (Hyperspace),Printing:NormalFoilNormal,Near Mint,Common,376,$0.21,Quantity:1123456789Add To Cart
Select table row 139,,Consular Security Force,Printing:NormalFoilNormal,Condition:Near MintNear MintLightly Played,Common,046/252,$0.06,Quantity:1123456789Add To Cart
Select table row 140,,Consular Security Force (Hyperspace),Printing:NormalFoilNormal,Condition:Near MintNear MintLightly Played,Common,312,$0.11,Quantity:1123456789Add To Cart
Select table row 141,,Corellian Freighter,Printing:NormalFoilNormal,Condition:Near MintNear MintLightly Played,Common,250/252,$0.05,Quantity:1123456789Add To Cart
Select table row 142,,Corellian Freighter (Hyperspace),Printing:NormalFoilNormal,Near Mint,Common,508,$0.14,Quantity:1123456789Add To Cart
Select table row 143,,Count Dooku - Darth Tyranus,Printing:NormalFoilNormal,Condition:Near MintNear MintLightly PlayedModerately PlayedDamaged,Rare,038/252,$0.62,Quantity:1123456789Add To Cart
Select table row 144,,Count Dooku - Darth Tyranus (Hyperspace),Printing:NormalFoilNormal,Condition:Near MintNear MintLightly Played,Rare,304,$2.29,Quantity:1123456789Add To Cart
Select table row 145,,Crafty Smuggler,Printing:NormalFoilNormal,Condition:Near MintNear MintLightly Played,Common,207/252,$0.12,Quantity:1123456789Add To Cart
Select table row 146,,Crafty Smuggler (Hyperspace),Printing:NormalFoilNormal,Condition:Near MintNear MintLightly Played,Common,469,$0.88,Quantity:1123456789Add To Cart
Select table row 147,,Cunning,Printing:NormalFoilNormal,Condition:Near MintNear MintLightly PlayedModerately Played,Legendary,203/252,$5.92,Quantity:1123456789Add To Cart
Select table row 148,,Cunning (Hyperspace),Printing:NormalFoilNormal,Condition:Near MintNear MintLightly Played,Legendary,465,$9.80,Quantity:1123456789Add To Cart
Select table row 149,,Dagobah Swamp,Normal,Near Mint,Common,021/252,$0.13,Quantity:1123456789Add To Cart
Select table row 150,,Dagobah Swamp (Hyperspace),Normal,Near Mint,Common,287,$0.26,Quantity:1123456789Add To Cart
Select table row 151,,Dagobah Swamp // Experience,Normal,Condition:Near MintNear MintLightly Played,Common,21 // T01,$0.04,Quantity:1123456789Add To Cart
Select table row 152,,Dagobah Swamp // Experience (Hyperspace),Normal,Near Mint,Common,287 // T03,$0.12,Quantity:1123456789Add To Cart
Select table row 153,,Dagobah Swamp // Shield,Normal,Condition:Near MintNear MintLightly Played,Common,21 // T02,$0.05,Quantity:1123456789Add To Cart
Select table row 154,,Dagobah Swamp // Shield (Hyperspace),Normal,Near Mint,Common,287 // T04,$0.13,Quantity:1123456789Add To Cart
Select table row 155,,Darth Vader - Commanding the First Legion,Printing:NormalFoilNormal,Condition:Near MintNear MintLightly PlayedModerately PlayedDamaged,Legendary,087/252,$13.63,Quantity:1123456789Add To Cart
Select table row 156,,Darth Vader - Commanding the First Legion (Hyperspace),Printing:NormalFoilNormal,Condition:Near MintNear MintLightly Played,Legendary,351,$17.53,Quantity:1123456789Add To Cart
Select table row 157,,Darth Vader - Dark Lord of the Sith,Normal,Condition:Near MintNear MintLightly PlayedModerately Played,Special,010/252,$4.67,Quantity:1123456789Add To Cart
Select table row 158,,Death Star Stormtrooper,Printing:NormalFoilNormal,Condition:Near MintNear MintLightly Played,Common,128/252,$0.11,Quantity:1123456789Add To Cart
Select table row 159,,Death Star Stormtrooper (Hyperspace),Printing:NormalFoilNormal,Condition:Near MintNear MintLightly Played,Common,392,$0.27,Quantity:1123456789Add To Cart
Select table row 160,,Death Trooper,Printing:NormalFoilNormal,Condition:Near MintNear MintLightly PlayedModerately Played,Common,033/252,$0.07,Quantity:1123456789Add To Cart
Select table row 161,,Death Trooper (Hyperspace),Printing:NormalFoilNormal,Condition:Near MintNear MintLightly Played,Common,299,$0.24,Quantity:1123456789Add To Cart
Select table row 162,,Del Meeko - Providing Overwatch,Printing:NormalFoilNormal,Condition:Near MintNear MintLightly PlayedModerately Played,Rare,034/252,$0.25,Quantity:1123456789Add To Cart
Select table row 163,,Del Meeko - Providing Overwatch (Hyperspace),Printing:NormalFoilNormal,Condition:Near MintNear MintLightly Played,Rare,300,$1.69,Quantity:1123456789Add To Cart
Select table row 164,,Devastator - Inescapable,Printing:NormalFoilNormal,Condition:Near MintNear MintLightly PlayedModerately PlayedHeavily PlayedDamaged,Legendary,090/252,$8.10,Quantity:1123456789Add To Cart
Select table row 165,,Devastator - Inescapable (Hyperspace),Printing:NormalFoilNormal,Condition:Near MintNear MintLightly Played,Legendary,354,$14.27,Quantity:1123456789Add To Cart
Select table row 166,,Devotion,Printing:NormalFoilNormal,Condition:Near MintNear MintLightly Played,Uncommon,070/252,$0.13,Quantity:1123456789Add To Cart
Select table row 167,,Devotion (Hyperspace),Printing:NormalFoilNormal,Condition:Near MintNear MintLightly Played,Uncommon,335,$0.81,Quantity:1123456789Add To Cart
Select table row 168,,Director Krennic - Aspiring to Authority,Normal,Condition:Near MintNear MintLightly Played,Common,001/252,$0.08,Quantity:1123456789Add To Cart
Select table row 169,,Director Krennic - Aspiring to Authority (Hyperspace),Normal,Condition:Near MintNear MintLightly Played,Common,269,$0.16,Quantity:1123456789Add To Cart
Select table row 170,,Director Krennic - Aspiring to Authority (Showcase),Foil,Condition:Near MintNear MintLightly Played,Common,253,$103.03,Quantity:1123456789Add To Cart
Select table row 171,,Disabling Fang Fighter,Printing:NormalFoilNormal,Condition:Near MintNear MintLightly Played,Common,162/252,$0.09,Quantity:1123456789Add To Cart
Select table row 172,,Disabling Fang Fighter (Hyperspace),Printing:NormalFoilNormal,Condition:Near MintNear MintLightly Played,Common,425,$0.38,Quantity:1123456789Add To Cart
Select table row 173,,Disarm,Printing:NormalFoilNormal,Condition:Near MintNear MintLightly Played,Common,216/252,$0.04,Quantity:1123456789Add To Cart
Select table row 174,,Disarm (Hyperspace),Printing:NormalFoilNormal,Condition:Near MintNear MintLightly Played,Common,478,$0.16,Quantity:1123456789Add To Cart
Select table row 175,,Distant Patroller,Printing:NormalFoilNormal,Condition:Near MintNear MintLightly Played,Uncommon,060/252,$0.10,Quantity:1123456789Add To Cart
Select table row 176,,Distant Patroller (Hyperspace),Printing:NormalFoilNormal,Condition:Near MintNear MintLightly PlayedModerately Played,Uncommon,325,$0.40,Quantity:1123456789Add To Cart
Select table row 177,,Don't Get Cocky,Printing:NormalFoilNormal,Condition:Near MintNear MintLightly PlayedModerately Played,Rare,223/252,$0.16,Quantity:1123456789Add To Cart
Select table row 178,,Don't Get Cocky (Hyperspace),Printing:NormalFoilNormal,Condition:Near MintNear MintLightly Played,Rare,485,$0.60,Quantity:1123456789Add To Cart
Select table row 179,,Echo Base,Normal,Near Mint,Common,024/252,$0.11,Quantity:1123456789Add To Cart
Select table row 180,,Echo Base (Hyperspace),Normal,Near Mint,Common,290,$0.32,Quantity:1123456789Add To Cart
Select table row 181,,Echo Base // Experience,Normal,Condition:Near MintNear MintLightly Played,Common,24 // T01,$0.05,Quantity:1123456789Add To Cart
Select table row 182,,Echo Base // Experience (Hyperspace),Normal,Condition:Near MintNear MintLightly Played,Common,290 // T03,$0.13,Quantity:1123456789Add To Cart
Select table row 183,,Echo Base // Shield,Normal,Condition:Near MintNear MintLightly Played,Common,24 // T02,$0.04,Quantity:1123456789Add To Cart
Select table row 184,,Echo Base // Shield (Hyperspace),Normal,Condition:Near MintNear MintLightly Played,Common,290 // T04,$0.15,Quantity:1123456789Add To Cart
Select table row 185,,Echo Base Defender,Printing:NormalFoilNormal,Condition:Near MintNear MintLightly Played,Common,098/252,$0.11,Quantity:1123456789Add To Cart
Select table row 186,,Echo Base Defender (Hyperspace),Printing:NormalFoilNormal,Condition:Near MintNear MintLightly PlayedModerately Played,Common,362,$0.77,Quantity:1123456789Add To Cart
Select table row 187,,Electrostaff,Printing:NormalFoilNormal,Condition:Near MintNear MintLightly Played,Rare,071/252,$0.25,Quantity:1123456789Add To Cart
Select table row 188,,Electrostaff (Hyperspace),Printing:NormalFoilNormal,Condition:Near MintNear MintLightly Played,Rare,336,$1.59,Quantity:1123456789Add To Cart
Select table row 189,,Emperor Palpatine - Galactic Ruler,Normal,Condition:Near MintNear MintLightly Played,Rare,006/252,$0.15,Quantity:1123456789Add To Cart
Select table row 190,,Emperor Palpatine - Galactic Ruler (Hyperspace),Normal,Condition:Near MintNear MintLightly Played,Rare,273,$0.72,Quantity:1123456789Add To Cart
Select table row 191,,Emperor Palpatine - Galactic Ruler (Showcase),Foil,Condition:Near MintNear MintLightly PlayedDamaged,Rare,257,$227.88,Quantity:1123456789Add To Cart
Select table row 192,,Emperor Palpatine - Master of the Dark Side,Printing:NormalFoilNormal,Condition:Near MintNear MintLightly PlayedModerately Played,Rare,135/252,$0.43,Quantity:1123456789Add To Cart
Select table row 193,,Emperor Palpatine - Master of the Dark Side (Hyperspace),Printing:NormalFoilNormal,Condition:Near MintNear MintLightly PlayedDamaged,Rare,399,$4.16,Quantity:1123456789Add To Cart
Select table row 194,,Emperor's Royal Guard,Printing:NormalFoilNormal,Condition:Near MintNear MintLightly PlayedModerately Played,Rare,082/252,$0.33,Quantity:1123456789Add To Cart
Select table row 195,,Emperor's Royal Guard (Hyperspace),Printing:NormalFoilNormal,Condition:Near MintNear MintLightly Played,Rare,347,$2.75,Quantity:1123456789Add To Cart
Select table row 196,,Energy Conversion Lab,Printing:NormalFoilNormal,Condition:Near MintNear MintLightly PlayedModerately Played,Rare,022/252,$0.58,Quantity:1123456789Add To Cart
Select table row 197,,Energy Conversion Lab (Hyperspace),Printing:NormalFoilNormal,Condition:Near MintNear MintLightly PlayedModerately Played,Rare,288,$9.26,Quantity:1123456789Add To Cart
Select table row 198,,Entrenched,Printing:NormalFoilNormal,Condition:Near MintNear MintLightly Played,Uncommon,072/252,$0.20,Quantity:1123456789Add To Cart
Select table row 199,,Entrenched (Hyperspace),Printing:NormalFoilNormal,Condition:Near MintNear MintLightly Played,Uncommon,337,$2.41,Quantity:1123456789Add To Cart
Select table row 200,,Escort Skiff,Printing:NormalFoilNormal,Condition:Near MintNear MintLightly Played,Common,114/252,$0.04,Quantity:1123456789Add To Cart
Select table row 201,,Escort Skiff (Hyperspace),Printing:NormalFoilNormal,Condition:Near MintNear MintLightly Played,Common,378,$0.18,Quantity:1123456789Add To Cart
Select table row 202,,Experience // Shield,Normal,Near Mint,Common,T01 // T02,$0.77,Quantity:1123456789Add To Cart
Select table row 203,,Ezra Bridger - Resourceful Troublemaker,Printing:NormalFoilNormal,Condition:Near MintNear MintLightly Played,Uncommon,192/252,$0.17,Quantity:1123456789Add To Cart
Select table row 204,,Ezra Bridger - Resourceful Troublemaker (Hyperspace),Printing:NormalFoilNormal,Condition:Near MintNear MintLightly Played,Uncommon,454,$3.28,Quantity:1123456789Add To Cart
Select table row 205,,Fallen Lightsaber,Printing:NormalFoilNormal,Condition:Near MintNear MintLightly PlayedModerately PlayedDamaged,Rare,137/252,$1.00,Quantity:1123456789Add To Cart
Select table row 206,,Fallen Lightsaber (Hyperspace),Printing:NormalFoilNormal,Condition:Near MintNear MintLightly Played,Rare,400,$10.19,Quantity:1123456789Add To Cart
Select table row 207,,Fett's Firespray - Pursuing the Bounty,Printing:NormalFoilNormal,Condition:Near MintNear MintLightly PlayedModerately PlayedDamaged,Rare,184/252,$0.59,Quantity:1123456789Add To Cart
Select table row 208,,Fett's Firespray - Pursuing the Bounty (Hyperspace),Printing:NormalFoilNormal,Condition:Near MintNear MintLightly Played,Rare,447,$4.66,Quantity:1123456789Add To Cart
Select table row 209,,Fifth Brother - Fear Hunter,Printing:NormalFoilNormal,Condition:Near MintNear MintLightly Played,Uncommon,131/252,$0.19,Quantity:1123456789Add To Cart
Select table row 210,,Fifth Brother - Fear Hunter (Hyperspace),Printing:NormalFoilNormal,Condition:Near MintNear MintLightly Played,Uncommon,395,$1.78,Quantity:1123456789Add To Cart
Select table row 211,,Fighters For Freedom,Printing:NormalFoilNormal,Condition:Near MintNear MintLightly Played,Uncommon,143/252,$0.13,Quantity:1123456789Add To Cart
Select table row 212,,Fighters For Freedom (Hyperspace),Printing:NormalFoilNormal,Near Mint,Uncommon,406,$1.62,Quantity:1123456789Add To Cart
Select table row 213,,First Legion Snowtrooper,Printing:NormalFoilNormal,Condition:Near MintNear MintLightly Played,Common,130/252,$0.08,Quantity:1123456789Add To Cart
Select table row 214,,First Legion Snowtrooper (Hyperspace),Printing:NormalFoilNormal,Condition:Near MintNear MintLightly Played,Common,394,$0.22,Quantity:1123456789Add To Cart
Select table row 215,,Fleet Lieutenant,Printing:NormalFoilNormal,Condition:Near MintNear MintLightly Played,Common,240/252,$0.10,Quantity:1123456789Add To Cart
Select table row 216,,Fleet Lieutenant (Hyperspace),Printing:NormalFoilNormal,Condition:Near MintNear MintLightly Played,Common,498,$0.81,Quantity:1123456789Add To Cart
Select table row 217,,For A Cause I Believe In,Printing:NormalFoilNormal,Condition:Near MintNear MintLightly PlayedModerately PlayedDamaged,Rare,152/252,$1.05,Quantity:1123456789Add To Cart
Select table row 218,,For A Cause I Believe In (Hyperspace),Printing:NormalFoilNormal,Condition:Near MintNear MintLightly Played,Rare,415,$4.90,Quantity:1123456789Add To Cart
Select table row 219,,Force Choke,Printing:NormalFoilNormal,Condition:Near MintNear MintLightly PlayedModerately Played,Uncommon,139/252,$0.14,Quantity:1123456789Add To Cart
Select table row 220,,Force Choke (Hyperspace),Printing:NormalFoilNormal,Condition:Near MintNear MintLightly Played,Uncommon,402,$3.29,Quantity:1123456789Add To Cart
Select table row 221,,Force Lightning,Printing:NormalFoilNormal,Condition:Near MintNear MintLightly PlayedModerately PlayedHeavily PlayedDamaged,Legendary,138/252,$7.45,Quantity:1123456789Add To Cart
Select table row 222,,Force Lightning (Hyperspace),Printing:NormalFoilNormal,Condition:Near MintNear MintLightly Played,Legendary,401,$21.78,Quantity:1123456789Add To Cart
Select table row 223,,Force Throw,Printing:NormalFoilNormal,Condition:Near MintNear MintLightly PlayedModerately PlayedDamaged,Uncommon,167/252,$0.62,Quantity:1123456789Add To Cart
Select table row 224,,Force Throw (Hyperspace),Printing:NormalFoilNormal,Condition:Near MintNear MintLightly Played,Uncommon,430,$6.72,Quantity:1123456789Add To Cart
Select table row 225,,Forced Surrender,Printing:NormalFoilNormal,Condition:Near MintNear MintLightly Played,Uncommon,175/252,$0.07,Quantity:1123456789Add To Cart
Select table row 226,,Forced Surrender (Hyperspace),Printing:NormalFoilNormal,Condition:Near MintNear MintLightly Played,Uncommon,438,$0.36,Quantity:1123456789Add To Cart
Select table row 227,,Frontier AT-RT,Printing:NormalFoilNormal,Condition:Near MintNear MintLightly Played,Common,249/252,$0.05,Quantity:1123456789Add To Cart
Select table row 228,,Frontier AT-RT (Hyperspace),Printing:NormalFoilNormal,Condition:Near MintNear MintLightly Played,Common,507,$0.16,Quantity:1123456789Add To Cart
Select table row 229,,Frontline Shuttle,Printing:NormalFoilNormal,Condition:Near MintNear MintLightly PlayedModerately Played,Rare,110/252,$0.20,Quantity:1123456789Add To Cart
Select table row 230,,Frontline Shuttle (Hyperspace),Printing:NormalFoilNormal,Condition:Near MintNear MintLightly Played,Rare,374,$1.20,Quantity:1123456789Add To Cart
Select table row 231,,Galactic Ambition,Printing:NormalFoilNormal,Condition:Near MintNear MintLightly Played,Rare,235/252,$0.37,Quantity:1123456789Add To Cart
Select table row 232,,Galactic Ambition (Hyperspace),Printing:NormalFoilNormal,Condition:Near MintNear MintLightly Played,Rare,495,$1.12,Quantity:1123456789Add To Cart
Select table row 233,,Gamorrean Guards,Printing:NormalFoilNormal,Condition:Near MintNear MintLightly Played,Common,211/252,$0.06,Quantity:1123456789Add To Cart
Select table row 234,,Gamorrean Guards (Hyperspace),Printing:NormalFoilNormal,Condition:Near MintNear MintLightly Played,Common,473,$0.22,Quantity:1123456789Add To Cart
Select table row 235,,General Dodonna - Massassi Group Commander,Printing:NormalFoilNormal,Condition:Near MintNear MintLightly Played,Uncommon,242/252,$0.11,Quantity:1123456789Add To Cart
Select table row 236,,General Dodonna - Massassi Group Commander (Hyperspace),Printing:NormalFoilNormal,Condition:Near MintNear MintLightly Played,Uncommon,500,$0.46,Quantity:1123456789Add To Cart
Select table row 237,,General Krell - Heartless Tactician,Printing:NormalFoilNormal,Condition:Near MintNear MintLightly Played,Rare,105/252,$0.20,Quantity:1123456789Add To Cart
Select table row 238,,General Krell - Heartless Tactician (Hyperspace),Printing:NormalFoilNormal,Condition:Near MintNear MintLightly Played,Rare,369,$1.31,Quantity:1123456789Add To Cart
Select table row 239,,General Tagge - Concerned Commander,Printing:NormalFoilNormal,Condition:Near MintNear MintLightly Played,Uncommon,080/252,$0.10,Quantity:1123456789Add To Cart
Select table row 240,,General Tagge - Concerned Commander (Hyperspace),Printing:NormalFoilNormal,Near Mint,Uncommon,345,$0.61,Quantity:1123456789Add To Cart
Select table row 241,,General Veers - Blizzard Force Commander,Printing:NormalFoilNormal,Condition:Near MintNear MintLightly Played,Uncommon,230/252,$0.11,Quantity:1123456789Add To Cart
Select table row 242,,General Veers - Blizzard Force Commander (Hyperspace),Printing:NormalFoilNormal,Near Mint,Uncommon,491,$0.29,Quantity:1123456789Add To Cart
Select table row 243,,Gideon Hask - Ruthless Loyalist,Printing:NormalFoilNormal,Condition:Near MintNear MintLightly PlayedModerately Played,Rare,036/252,$0.35,Quantity:1123456789Add To Cart
Select table row 244,,Gideon Hask - Ruthless Loyalist (Hyperspace),Printing:NormalFoilNormal,Condition:Near MintNear MintLightly Played,Rare,302,$2.41,Quantity:1123456789Add To Cart
Select table row 245,,Gladiator Star Destroyer,Printing:NormalFoilNormal,Condition:Near MintNear MintLightly Played,Common,086/252,$0.10,Quantity:1123456789Add To Cart
Select table row 246,,Gladiator Star Destroyer (Hyperspace),Printing:NormalFoilNormal,Condition:Near MintNear MintLightly Played,Common,350,$0.27,Quantity:1123456789Add To Cart
Select table row 247,,Grand Admiral Thrawn - Patient and Insightful,Normal,Condition:Near MintNear MintLightly Played,Rare,016/252,$0.16,Quantity:1123456789Add To Cart
Select table row 248,,Grand Admiral Thrawn - Patient and Insightful (Hyperspace),Normal,Condition:Near MintNear MintLightly Played,Rare,282,$0.83,Quantity:1123456789Add To Cart
Select table row 249,,Grand Admiral Thrawn - Patient and Insightful (Showcase),Foil,Near Mint,Rare,266,$91.22,Quantity:1123456789Add To Cart
Select table row 250,,Grand Inquisitor - Hunting the Jedi,Normal,Condition:Near MintNear MintLightly Played,Rare,011/252,$0.15,Quantity:1123456789Add To Cart
Select table row 251,,Grand Inquisitor - Hunting the Jedi (Hyperspace),Normal,Condition:Near MintNear MintLightly Played,Rare,277,$0.67,Quantity:1123456789Add To Cart
Select table row 252,,Grand Inquisitor - Hunting the Jedi (Showcase),Foil,Condition:Near MintNear MintLightly PlayedModerately Played,Rare,261,$90.81,Quantity:1123456789Add To Cart
Select table row 253,,Grand Moff Tarkin - Death Star Overseer,Normal,Condition:Near MintNear MintLightly Played,Special,084/252,$0.25,Quantity:1123456789Add To Cart
Select table row 254,,Grand Moff Tarkin - Oversector Governor,Normal,Condition:Near MintNear MintLightly Played,Common,007/252,$0.04,Quantity:1123456789Add To Cart
Select table row 255,,Grand Moff Tarkin - Oversector Governor (Hyperspace),Normal,Condition:Near MintNear MintLightly Played,Common,274,$0.14,Quantity:1123456789Add To Cart
Select table row 256,,Grand Moff Tarkin - Oversector Governor (Showcase),Foil,Condition:Near MintNear MintLightly Played,Common,258,$96.51,Quantity:1123456789Add To Cart
Select table row 257,,Greedo - Slow on the Draw,Printing:NormalFoilNormal,Condition:Near MintNear MintLightly Played,Uncommon,204/252,$0.17,Quantity:1123456789Add To Cart
Select table row 258,,Greedo - Slow on the Draw (Hyperspace),Printing:NormalFoilNormal,Condition:Near MintNear MintLightly Played,Uncommon,466,$1.04,Quantity:1123456789Add To Cart
Select table row 259,,Green Squadron A-Wing,Printing:NormalFoilNormal,Condition:Near MintNear MintLightly Played,Common,141/252,$0.13,Quantity:1123456789Add To Cart
Select table row 260,,Green Squadron A-Wing (Hyperspace),Printing:NormalFoilNormal,Condition:Near MintNear MintLightly Played,Common,404,$0.78,Quantity:1123456789Add To Cart
Select table row 261,,Guardian of the Whills,Printing:NormalFoilNormal,Condition:Near MintNear MintLightly Played,Common,061/252,$0.08,Quantity:1123456789Add To Cart
Select table row 262,,Guardian of the Whills (Hyperspace),Printing:NormalFoilNormal,Near Mint,Common,326,$0.16,Quantity:1123456789Add To Cart
Select table row 263,,Guerilla Attack Pod,Printing:NormalFoilNormal,Condition:Near MintNear MintLightly Played,Common,148/252,$0.06,Quantity:1123456789Add To Cart
Select table row 264,,Guerilla Attack Pod (Hyperspace),Printing:NormalFoilNormal,Condition:Near MintNear MintLightly PlayedModerately Played,Common,411,$0.30,Quantity:1123456789Add To Cart
Select table row 265,,Han Solo - Audacious Smuggler,Normal,Condition:Near MintNear MintLightly Played,Rare,017/252,$0.15,Quantity:1123456789Add To Cart
Select table row 266,,Han Solo - Audacious Smuggler (Hyperspace),Normal,Condition:Near MintNear MintLightly Played,Rare,283,$0.63,Quantity:1123456789Add To Cart
Select table row 267,,Han Solo - Audacious Smuggler (Showcase),Foil,Condition:Near MintNear MintLightly PlayedHeavily Played,Rare,267,$193.76,Quantity:1123456789Add To Cart
Select table row 268,,Han Solo - Reluctant Hero,Printing:NormalFoilNormal,Condition:Near MintNear MintLightly PlayedModerately Played,Rare,198/252,$0.45,Quantity:1123456789Add To Cart
Select table row 269,,Han Solo - Reluctant Hero (Hyperspace),Printing:NormalFoilNormal,Near Mint,Rare,460,$4.34,Quantity:1123456789Add To Cart
Select table row 270,,Hardpoint Heavy Blaster,Printing:NormalFoilNormal,Condition:Near MintNear MintLightly Played,Uncommon,121/252,$0.10,Quantity:1123456789Add To Cart
Select table row 271,,Hardpoint Heavy Blaster (Hyperspace),Printing:NormalFoilNormal,Condition:Near MintNear MintLightly PlayedDamaged,Uncommon,385,$0.34,Quantity:1123456789Add To Cart
Select table row 272,,Hera Syndulla - Spectre Two,Normal,Condition:Near MintNear MintLightly Played,Rare,008/252,$0.19,Quantity:1123456789Add To Cart
Select table row 273,,Hera Syndulla - Spectre Two (Hyperspace),Normal,Condition:Near MintNear MintLightly Played,Rare,275,$0.97,Quantity:1123456789Add To Cart
Select table row 274,,Hera Syndulla - Spectre Two (Showcase),Foil,Condition:Near MintNear MintLightly Played,Rare,259,$140.77,Quantity:1123456789Add To Cart
Select table row 275,,Heroic Sacrifice,Printing:NormalFoilNormal,Condition:Near MintNear MintLightly PlayedModerately Played,Rare,150/252,$0.77,Quantity:1123456789Add To Cart
Select table row 276,,Heroic Sacrifice (Hyperspace),Printing:NormalFoilNormal,Condition:Near MintNear MintLightly Played,Rare,413,$4.49,Quantity:1123456789Add To Cart
Select table row 277,,Home One - Alliance Flagship,Printing:NormalFoilNormal,Condition:Near MintNear MintLightly PlayedModerately PlayedHeavily Played,Legendary,102/252,$9.20,Quantity:1123456789Add To Cart
Select table row 278,,Home One - Alliance Flagship (Hyperspace),Printing:NormalFoilNormal,Condition:Near MintNear MintLightly Played,Legendary,366,$13.62,Quantity:1123456789Add To Cart
Select table row 279,,Homestead Militia,Printing:NormalFoilNormal,Condition:Near MintNear MintLightly Played,Common,113/252,$0.05,Quantity:1123456789Add To Cart
Select table row 280,,Homestead Militia (Hyperspace),Printing:NormalFoilNormal,Near Mint,Common,377,$0.13,Quantity:1123456789Add To Cart
Select table row 281,,I Am Your Father,Normal,Condition:Near MintNear MintLightly Played,Special,233/252,$1.06,Quantity:1123456789Add To Cart
Select table row 282,,I Had No Choice,Printing:NormalFoilNormal,Condition:Near MintNear MintLightly Played,Rare,187/252,$0.16,Quantity:1123456789Add To Cart
Select table row 283,,I Had No Choice (Hyperspace),Printing:NormalFoilNormal,Condition:Near MintNear MintLightly Played,Rare,450,$0.71,Quantity:1123456789Add To Cart
Select table row 284,,IG-88 - Ruthless Bounty Hunter,Normal,Condition:Near MintNear MintLightly Played,Common,012/252,$0.07,Quantity:1123456789Add To Cart
Select table row 285,,IG-88 - Ruthless Bounty Hunter (Hyperspace),Normal,Condition:Near MintNear MintLightly Played,Common,278,$0.12,Quantity:1123456789Add To Cart
Select table row 286,,IG-88 - Ruthless Bounty Hunter (Showcase),Foil,Near Mint,Common,262,$58.80,Quantity:1123456789Add To Cart
Select table row 287,,ISB Agent,Printing:NormalFoilNormal,Condition:Near MintNear MintLightly Played,Common,176/252,$0.06,Quantity:1123456789Add To Cart
Select table row 288,,ISB Agent (Hyperspace),Printing:NormalFoilNormal,Condition:Near MintNear MintLightly Played,Common,439,$0.37,Quantity:1123456789Add To Cart
Select table row 289,,Iden Versio - Inferno Squad Commander,Normal,Condition:Near MintNear MintLightly Played,Rare,002/252,$0.19,Quantity:1123456789Add To Cart
Select table row 290,,Iden Versio - Inferno Squad Commander (Hyperspace),Normal,Condition:Near MintNear MintLightly Played,Rare,270,$0.54,Quantity:1123456789Add To Cart
Select table row 291,,Iden Versio - Inferno Squad Commander (Showcase),Foil,Condition:Near MintNear MintLightly Played,Rare,254,$72.96,Quantity:1123456789Add To Cart
Select table row 292,,Imperial Interceptor,Printing:NormalFoilNormal,Condition:Near MintNear MintLightly Played,Common,132/252,$0.09,Quantity:1123456789Add To Cart
Select table row 293,,Imperial Interceptor (Hyperspace),Printing:NormalFoilNormal,Condition:Near MintNear MintLightly Played,Common,396,$0.52,Quantity:1123456789Add To Cart
Select table row 294,,Inferno Four - Unforgetting,Printing:NormalFoilNormal,Condition:Near MintNear MintLightly Played,Uncommon,031/252,$0.27,Quantity:1123456789Add To Cart
Select table row 295,,Inferno Four - Unforgetting (Hyperspace),Printing:NormalFoilNormal,Condition:Near MintNear MintLightly Played,Uncommon,297,$3.72,Quantity:1123456789Add To Cart
Select table row 296,,Infiltrator's Skill,Printing:NormalFoilNormal,Condition:Near MintNear MintLightly Played,Common,166/252,$0.07,Quantity:1123456789Add To Cart
Select table row 297,,Infiltrator's Skill (Hyperspace),Printing:NormalFoilNormal,Condition:Near MintNear MintLightly Played,Common,429,$0.21,Quantity:1123456789Add To Cart
Select table row 298,,It Binds All Things,Printing:NormalFoilNormal,Condition:Near MintNear MintLightly PlayedDamaged,Rare,075/252,$0.34,Quantity:1123456789Add To Cart
Select table row 299,,It Binds All Things (Hyperspace),Printing:NormalFoilNormal,Condition:Near MintNear MintLightly Played,Rare,340,$3.77,Quantity:1123456789Add To Cart
Select table row 300,,Jabba the Hutt - Cunning Daimyo,Printing:NormalFoilNormal,Condition:Near MintNear MintLightly Played,Rare,181/252,$0.38,Quantity:1123456789Add To Cart
Select table row 301,,Jabba the Hutt - Cunning Daimyo (Hyperspace),Printing:NormalFoilNormal,Condition:Near MintNear MintLightly Played,Rare,444,$3.31,Quantity:1123456789Add To Cart
Select table row 302,,Jawa Scavenger,Printing:NormalFoilNormal,Condition:Near MintNear MintLightly Played,Common,205/252,$0.06,Quantity:1123456789Add To Cart
Select table row 303,,Jawa Scavenger (Hyperspace),Printing:NormalFoilNormal,Near Mint,Common,467,$0.17,Quantity:1123456789Add To Cart
Select table row 304,,Jedha Agitator,Printing:NormalFoilNormal,Condition:Near MintNear MintLightly Played,Common,158/252,$0.04,Quantity:1123456789Add To Cart
Select table row 305,,Jedha Agitator (Hyperspace),Printing:NormalFoilNormal,Condition:Near MintNear MintLightly Played,Common,421,$0.14,Quantity:1123456789Add To Cart
Select table row 306,,Jedha City,Printing:NormalFoilNormal,Condition:Near MintNear MintLightly Played,Rare,028/252,$0.14,Quantity:1123456789Add To Cart
Select table row 307,,Jedha City (Hyperspace),Printing:NormalFoilNormal,Condition:Near MintNear MintLightly Played,Rare,294,$1.99,Quantity:1123456789Add To Cart
Select table row 308,,Jedi Lightsaber,Printing:NormalFoilNormal,Condition:Near MintNear MintLightly PlayedModerately PlayedDamaged,Rare,054/252,$0.95,Quantity:1123456789Add To Cart
Select table row 309,,Jedi Lightsaber (Hyperspace),Printing:NormalFoilNormal,Condition:Near MintNear MintLightly PlayedModerately Played,Rare,319,$6.36,Quantity:1123456789Add To Cart
Select table row 310,,Jyn Erso - Resisting Oppression,Normal,Condition:Near MintNear MintLightly Played,Common,018/252,$0.04,Quantity:1123456789Add To Cart
Select table row 311,,Jyn Erso - Resisting Oppression (Hyperspace),Normal,Condition:Near MintNear MintLightly Played,Common,284,$0.19,Quantity:1123456789Add To Cart
Select table row 312,,Jyn Erso - Resisting Oppression (Showcase),Foil,Condition:Near MintNear MintLightly Played,Common,268,$48.81,Quantity:1123456789Add To Cart
Select table row 313,,K-2SO - Cassian's Counterpart,Printing:NormalFoilNormal,Condition:Near MintNear MintLightly PlayedModerately Played,Rare,145/252,$1.79,Quantity:1123456789Add To Cart
Select table row 314,,K-2SO - Cassian's Counterpart (Hyperspace),Printing:NormalFoilNormal,Condition:Near MintNear MintLightly Played,Rare,408,$7.27,Quantity:1123456789Add To Cart
Select table row 315,,Kanan Jarrus - Revealed Jedi,Printing:NormalFoilNormal,Condition:Near MintNear MintLightly Played,Uncommon,047/252,$0.19,Quantity:1123456789Add To Cart
Select table row 316,,Kanan Jarrus - Revealed Jedi (Hyperspace),Printing:NormalFoilNormal,Condition:Near MintNear MintLightly Played,Uncommon,313,$3.80,Quantity:1123456789Add To Cart
Select table row 317,,Karabast,Printing:NormalFoilNormal,Condition:Near MintNear MintLightly Played,Uncommon,151/252,$0.10,Quantity:1123456789Add To Cart
Select table row 318,,Karabast (Hyperspace),Printing:NormalFoilNormal,Condition:Near MintNear MintLightly Played,Uncommon,414,$0.50,Quantity:1123456789Add To Cart
Select table row 319,,Keep Fighting,Printing:NormalFoilNormal,Condition:Near MintNear MintLightly Played,Common,169/252,$0.08,Quantity:1123456789Add To Cart
Select table row 320,,Keep Fighting (Hyperspace),Printing:NormalFoilNormal,Condition:Near MintNear MintLightly Played,Common,432,$0.20,Quantity:1123456789Add To Cart
Select table row 321,,Kestro City,Normal,Near Mint,Common,027/252,$0.09,Quantity:1123456789Add To Cart
Select table row 322,,Kestro City (Hyperspace),Normal,Near Mint,Common,293,$0.27,Quantity:1123456789Add To Cart
Select table row 323,,Kestro City // Experience,Normal,Condition:Near MintNear MintLightly Played,Common,27 // T01,$0.06,Quantity:1123456789Add To Cart
Select table row 324,,Kestro City // Experience (Hyperspace),Normal,Condition:Near MintNear MintLightly Played,Common,293 // T03,$0.09,Quantity:1123456789Add To Cart
Select table row 325,,Kestro City // Shield,Normal,Condition:Near MintNear MintLightly Played,Common,27 // T02,$0.07,Quantity:1123456789Add To Cart
Select table row 326,,Kestro City // Shield (Hyperspace),Normal,Condition:Near MintNear MintLightly Played,Common,293 // T04,$0.16,Quantity:1123456789Add To Cart
Select table row 327,,Lando Calrissian - Responsible Businessman,Printing:NormalFoilNormal,Condition:Near MintNear MintLightly Played,Rare,197/252,$0.21,Quantity:1123456789Add To Cart
Select table row 328,,Lando Calrissian - Responsible Businessman (Hyperspace),Printing:NormalFoilNormal,Condition:Near MintNear MintLightly Played,Rare,459,$0.73,Quantity:1123456789Add To Cart
Select table row 329,,Leia Organa - Alliance General,Normal,Condition:Near MintNear MintLightly Played,Common,009/252,$0.07,Quantity:1123456789Add To Cart
Select table row 330,,Leia Organa - Alliance General (Hyperspace),Normal,Condition:Near MintNear MintLightly Played,Common,276,$0.14,Quantity:1123456789Add To Cart
Select table row 331,,Leia Organa - Alliance General (Showcase),Foil,Condition:Near MintNear MintLightly Played,Common,260,$227.54,Quantity:1123456789Add To Cart
Select table row 332,,Leia Organa - Defiant Princess,Normal,Condition:Near MintNear MintLightly Played,Special,189/252,$0.92,Quantity:1123456789Add To Cart
Select table row 333,,Lieutenant Childsen - Death Star Prison Warden,Printing:NormalFoilNormal,Condition:Near MintNear MintLightly Played,Uncommon,035/252,$0.13,Quantity:1123456789Add To Cart
Select table row 334,,Lieutenant Childsen - Death Star Prison Warden (Hyperspace),Printing:NormalFoilNormal,Condition:Near MintNear MintLightly Played,Uncommon,301,$1.28,Quantity:1123456789Add To Cart
Select table row 335,,Lothal Insurgent,Printing:NormalFoilNormal,Condition:Near MintNear MintLightly Played,Common,190/252,$0.04,Quantity:1123456789Add To Cart
Select table row 336,,Lothal Insurgent (Hyperspace),Printing:NormalFoilNormal,Near Mint,Common,452,$0.17,Quantity:1123456789Add To Cart
Select table row 337,,Luke Skywalker - Faithful Friend,Normal,Condition:Near MintNear MintLightly PlayedModerately Played,Special,005/252,$2.26,Quantity:1123456789Add To Cart
Select table row 338,,Luke Skywalker - Jedi Knight,Printing:NormalFoilNormal,Condition:Near MintNear MintLightly PlayedModerately PlayedDamaged,Legendary,051/252,$19.19,Quantity:1123456789Add To Cart
Select table row 339,,Luke Skywalker - Jedi Knight (Hyperspace),Printing:NormalFoilNormal,Condition:Near MintNear MintLightly Played,Legendary,317,$26.26,Quantity:1123456789Add To Cart
Select table row 340,,Luke's Lightsaber,Normal,Condition:Near MintNear MintLightly Played,Special,053/252,$0.37,Quantity:1123456789Add To Cart
Select table row 341,,Mace Windu - Party Crasher,Printing:NormalFoilNormal,Condition:Near MintNear MintLightly PlayedHeavily Played,Legendary,149/252,$1.37,Quantity:1123456789Add To Cart
Select table row 342,,Mace Windu - Party Crasher (Hyperspace),Printing:NormalFoilNormal,Condition:Near MintNear MintLightly PlayedModerately Played,Legendary,412,$3.93,Quantity:1123456789Add To Cart
Select table row 343,,Make An Opening,Printing:NormalFoilNormal,Condition:Near MintNear MintLightly Played,Common,076/252,$0.07,Quantity:1123456789Add To Cart
Select table row 344,,Make An Opening (Hyperspace),Printing:NormalFoilNormal,Condition:Near MintNear MintLightly Played,Common,341,$0.29,Quantity:1123456789Add To Cart
Select table row 345,,Maximum Firepower,Printing:NormalFoilNormal,Condition:Near MintNear MintLightly Played,Common,234/252,$0.07,Quantity:1123456789Add To Cart
Select table row 346,,Maximum Firepower (Hyperspace),Printing:NormalFoilNormal,Condition:Near MintNear MintLightly Played,Common,494,$0.26,Quantity:1123456789Add To Cart
Select table row 347,,Medal Ceremony,Printing:NormalFoilNormal,Condition:Near MintNear MintLightly PlayedModerately Played,Common,245/252,$0.06,Quantity:1123456789Add To Cart
Select table row 348,,Medal Ceremony (Hyperspace),Printing:NormalFoilNormal,Condition:Near MintNear MintLightly Played,Common,503,$0.32,Quantity:1123456789Add To Cart
Select table row 349,,Mercenary Company,Printing:NormalFoilNormal,Condition:Near MintNear MintLightly Played,Common,117/252,$0.04,Quantity:1123456789Add To Cart
Select table row 350,,Mercenary Company (Hyperspace),Printing:NormalFoilNormal,Near Mint,Common,381,$0.19,Quantity:1123456789Add To Cart
Select table row 351,,Millennium Falcon - Piece of Junk,Printing:NormalFoilNormal,Condition:Near MintNear MintLightly PlayedModerately PlayedDamaged,Legendary,193/252,$16.88,Quantity:1123456789Add To Cart
Select table row 352,,Millennium Falcon - Piece of Junk (Hyperspace),Printing:NormalFoilNormal,Condition:Near MintNear MintLightly PlayedModerately Played,Legendary,455,$22.24,Quantity:1123456789Add To Cart
Select table row 353,,Mining Guild TIE Fighter,Printing:NormalFoilNormal,Condition:Near MintNear MintLightly Played,Common,206/252,$0.09,Quantity:1123456789Add To Cart
Select table row 354,,Mining Guild TIE Fighter (Hyperspace),Printing:NormalFoilNormal,Condition:Near MintNear MintLightly Played,Common,468,$0.27,Quantity:1123456789Add To Cart
Select table row 355,,Mission Briefing,Printing:NormalFoilNormal,Condition:Near MintNear MintLightly Played,Common,171/252,$0.04,Quantity:1123456789Add To Cart
Select table row 356,,Mission Briefing (Hyperspace),Printing:NormalFoilNormal,Near Mint,Common,434,$0.17,Quantity:1123456789Add To Cart
Select table row 357,,Moment of Peace,Printing:NormalFoilNormal,Condition:Near MintNear MintLightly Played,Common,073/252,$0.08,Quantity:1123456789Add To Cart
Select table row 358,,Moment of Peace (Hyperspace),Printing:NormalFoilNormal,Condition:Near MintNear MintLightly Played,Common,338,$0.17,Quantity:1123456789Add To Cart
Select table row 359,,Mon Mothma - Voice of the Rebellion,Printing:NormalFoilNormal,Condition:Near MintNear MintLightly Played,Uncommon,096/252,$0.12,Quantity:1123456789Add To Cart
Select table row 360,,Mon Mothma - Voice of the Rebellion (Hyperspace),Printing:NormalFoilNormal,Condition:Near MintNear MintLightly Played,Uncommon,360,$0.61,Quantity:1123456789Add To Cart
Select table row 361,,No Good to Me Dead,Printing:NormalFoilNormal,Condition:Near MintNear MintLightly Played,Uncommon,186/252,$0.32,Quantity:1123456789Add To Cart
Select table row 362,,No Good to Me Dead (Hyperspace),Printing:NormalFoilNormal,Condition:Near MintNear MintLightly Played,Uncommon,449,$3.33,Quantity:1123456789Add To Cart
Select table row 363,,Obi-Wan Kenobi - Following Fate,Printing:NormalFoilNormal,Condition:Near MintNear MintLightly PlayedModerately Played,Rare,049/252,$0.40,Quantity:1123456789Add To Cart
Select table row 364,,Obi-Wan Kenobi - Following Fate (Hyperspace),Printing:NormalFoilNormal,Condition:Near MintNear MintLightly Played,Rare,315,$4.94,Quantity:1123456789Add To Cart
Select table row 365,,Occupier Siege Tank,Printing:NormalFoilNormal,Condition:Near MintNear MintLightly Played,Common,165/252,$0.03,Quantity:1123456789Add To Cart
Select table row 366,,Occupier Siege Tank (Hyperspace),Printing:NormalFoilNormal,Near Mint,Common,428,$0.10,Quantity:1123456789Add To Cart
Select table row 367,,Open Fire,Printing:NormalFoilNormal,Condition:Near MintNear MintLightly Played,Common,172/252,$0.14,Quantity:1123456789Add To Cart
Select table row 368,,Open Fire (Hyperspace),Printing:NormalFoilNormal,Condition:Near MintNear MintLightly Played,Common,435,$2.05,Quantity:1123456789Add To Cart
Select table row 369,,Outer Rim Headhunter,Printing:NormalFoilNormal,Condition:Near MintNear MintLightly Played,Common,208/252,$0.06,Quantity:1123456789Add To Cart
Select table row 370,,Outer Rim Headhunter (Hyperspace),Printing:NormalFoilNormal,Near Mint,Common,470,$0.22,Quantity:1123456789Add To Cart
Select table row 371,,Outmaneuver,Printing:NormalFoilNormal,Condition:Near MintNear MintLightly Played,Uncommon,221/252,$0.22,Quantity:1123456789Add To Cart
Select table row 372,,Outmaneuver (Hyperspace),Printing:NormalFoilNormal,Condition:Near MintNear MintLightly Played,Uncommon,483,$2.00,Quantity:1123456789Add To Cart
Select table row 373,,Overwhelming Barrage,Printing:NormalFoilNormal,Condition:Near MintNear MintLightly PlayedModerately PlayedHeavily PlayedDamaged,Uncommon,092/252,$1.61,Quantity:1123456789Add To Cart
Select table row 374,,Overwhelming Barrage (Hyperspace),Printing:NormalFoilNormal,Condition:Near MintNear MintLightly PlayedDamaged,Uncommon,356,$9.45,Quantity:1123456789Add To Cart
Select table row 375,,Partisan Insurgent,Printing:NormalFoilNormal,Condition:Near MintNear MintLightly Played,Common,159/252,$0.05,Quantity:1123456789Add To Cart
Select table row 376,,Partisan Insurgent (Hyperspace),Printing:NormalFoilNormal,Condition:Near MintNear MintLightly Played,Common,422,$0.19,Quantity:1123456789Add To Cart
Select table row 377,,Patrolling V-Wing,Printing:NormalFoilNormal,Condition:Near MintNear MintLightly Played,Common,111/252,$0.07,Quantity:1123456789Add To Cart
Select table row 378,,Patrolling V-Wing (Hyperspace),Printing:NormalFoilNormal,Near Mint,Common,375,$0.21,Quantity:1123456789Add To Cart
Select table row 379,,Pirated Starfighter,Printing:NormalFoilNormal,Condition:Near MintNear MintLightly Played,Uncommon,209/252,$0.09,Quantity:1123456789Add To Cart
Select table row 380,,Pirated Starfighter (Hyperspace),Printing:NormalFoilNormal,Condition:Near MintNear MintLightly PlayedModerately Played,Uncommon,471,$0.47,Quantity:1123456789Add To Cart
Select table row 381,,Power Failure,Printing:NormalFoilNormal,Condition:Near MintNear MintLightly Played,Uncommon,170/252,$0.10,Quantity:1123456789Add To Cart
Select table row 382,,Power Failure (Hyperspace),Printing:NormalFoilNormal,Condition:Near MintNear MintLightly Played,Uncommon,433,$0.48,Quantity:1123456789Add To Cart
Select table row 383,,Power of the Dark Side,Printing:NormalFoilNormal,Condition:Near MintNear MintLightly PlayedModerately PlayedHeavily PlayedDamaged,Uncommon,041/252,$2.04,Quantity:1123456789Add To Cart
Select table row 384,,Power of the Dark Side (Hyperspace),Printing:NormalFoilNormal,Condition:Near MintNear MintLightly Played,Uncommon,307,$5.94,Quantity:1123456789Add To Cart
Select table row 385,,Precision Fire,Printing:NormalFoilNormal,Condition:Near MintNear MintLightly Played,Common,168/252,$0.06,Quantity:1123456789Add To Cart
Select table row 386,,Precision Fire (Hyperspace),Printing:NormalFoilNormal,Near Mint,Common,431,$0.22,Quantity:1123456789Add To Cart
Select table row 387,,Prepare for Takeoff,Printing:NormalFoilNormal,Condition:Near MintNear MintLightly Played,Uncommon,125/252,$0.11,Quantity:1123456789Add To Cart
Select table row 388,,Prepare for Takeoff (Hyperspace),Printing:NormalFoilNormal,Condition:Near MintNear MintLightly Played,Uncommon,389,$0.34,Quantity:1123456789Add To Cart
Select table row 389,,Protector,Printing:NormalFoilNormal,Condition:Near MintNear MintLightly Played,Uncommon,057/252,$0.11,Quantity:1123456789Add To Cart
Select table row 390,,Protector (Hyperspace),Printing:NormalFoilNormal,Near Mint,Uncommon,322,$0.38,Quantity:1123456789Add To Cart
Select table row 391,,R2-D2 - Ignoring Protocol,Normal,Condition:Near MintNear MintLightly PlayedDamaged,Special,236/252,$2.11,Quantity:1123456789Add To Cart
Select table row 392,,Rallying Cry,Printing:NormalFoilNormal,Condition:Near MintNear MintLightly Played,Uncommon,154/252,$0.12,Quantity:1123456789Add To Cart
Select table row 393,,Rallying Cry (Hyperspace),Printing:NormalFoilNormal,Condition:Near MintNear MintLightly Played,Uncommon,417,$0.35,Quantity:1123456789Add To Cart
Select table row 394,,Rebel Assault,Printing:NormalFoilNormal,Condition:Near MintNear MintLightly PlayedModerately Played,Uncommon,103/252,$0.20,Quantity:1123456789Add To Cart
Select table row 395,,Rebel Assault (Hyperspace),Printing:NormalFoilNormal,Condition:Near MintNear MintLightly Played,Uncommon,367,$2.08,Quantity:1123456789Add To Cart
Select table row 396,,Rebel Pathfinder,Printing:NormalFoilNormal,Condition:Near MintNear MintLightly Played,Common,239/252,$0.07,Quantity:1123456789Add To Cart
Select table row 397,,Rebel Pathfinder (Hyperspace),Printing:NormalFoilNormal,Condition:Near MintNear MintLightly Played,Common,497,$0.21,Quantity:1123456789Add To Cart
Select table row 398,,Recruit,Printing:NormalFoilNormal,Condition:Near MintNear MintLightly Played,Common,123/252,$0.06,Quantity:1123456789Add To Cart
Select table row 399,,Recruit (Hyperspace),Printing:NormalFoilNormal,Condition:Near MintNear MintLightly Played,Common,387,$0.21,Quantity:1123456789Add To Cart
Select table row 400,,Red Three - Unstoppable,Printing:NormalFoilNormal,Condition:Near MintNear MintLightly PlayedModerately PlayedHeavily Played,Rare,144/252,$1.34,Quantity:1123456789Add To Cart
Select table row 401,,Red Three - Unstoppable (Hyperspace),Printing:NormalFoilNormal,Condition:Near MintNear MintLightly Played,Rare,407,$6.00,Quantity:1123456789Add To Cart
Select table row 402,,Redemption - Medical Frigate,Printing:NormalFoilNormal,Condition:Near MintNear MintLightly PlayedModerately Played,Rare,052/252,$0.74,Quantity:1123456789Add To Cart
Select table row 403,,Redemption - Medical Frigate (Hyperspace),Printing:NormalFoilNormal,Condition:Near MintNear MintLightly Played,Rare,318,$5.80,Quantity:1123456789Add To Cart
Select table row 404,,Regional Governor,Printing:NormalFoilNormal,Condition:Near MintNear MintLightly PlayedModerately Played,Rare,062/252,$0.32,Quantity:1123456789Add To Cart
Select table row 405,,Regional Governor (Hyperspace),Printing:NormalFoilNormal,Condition:Near MintNear MintLightly Played,Rare,327,$3.67,Quantity:1123456789Add To Cart
Select table row 406,,Regional Sympathizers,Printing:NormalFoilNormal,Condition:Near MintNear MintLightly Played,Common,243/252,$0.04,Quantity:1123456789Add To Cart
Select table row 407,,Regional Sympathizers (Hyperspace),Printing:NormalFoilNormal,Near Mint,Common,501,$0.17,Quantity:1123456789Add To Cart
Select table row 408,,Reinforcement Walker,Printing:NormalFoilNormal,Condition:Near MintNear MintLightly Played,Uncommon,119/252,$0.27,Quantity:1123456789Add To Cart
Select table row 409,,Reinforcement Walker (Hyperspace),Printing:NormalFoilNormal,Condition:Near MintNear MintLightly Played,Uncommon,383,$3.21,Quantity:1123456789Add To Cart
Select table row 410,,Relentless - Konstantine's Folly,Printing:NormalFoilNormal,Condition:Near MintNear MintLightly PlayedModerately PlayedDamaged,Rare,089/252,$0.34,Quantity:1123456789Add To Cart
Select table row 411,,Relentless - Konstantine's Folly (Hyperspace),Printing:NormalFoilNormal,Condition:Near MintNear MintLightly Played,Rare,353,$4.45,Quantity:1123456789Add To Cart
Select table row 412,,Repair,Printing:NormalFoilNormal,Condition:Near MintNear MintLightly Played,Common,074/252,$0.05,Quantity:1123456789Add To Cart
Select table row 413,,Repair (Hyperspace),Printing:NormalFoilNormal,Near Mint,Common,339,$0.15,Quantity:1123456789Add To Cart
Select table row 414,,Resilient,Printing:NormalFoilNormal,Condition:Near MintNear MintLightly Played,Common,069/252,$0.07,Quantity:1123456789Add To Cart
Select table row 415,,Resilient (Hyperspace),Printing:NormalFoilNormal,Near Mint,Common,334,$0.20,Quantity:1123456789Add To Cart
Select table row 416,,Restock,Printing:NormalFoilNormal,Condition:Near MintNear MintLightly Played,Common,252/252,$0.07,Quantity:1123456789Add To Cart
Select table row 417,,Restock (Hyperspace),Printing:NormalFoilNormal,Condition:Near MintNear MintLightly Played,Common,510,$0.25,Quantity:1123456789Add To Cart
Select table row 418,,Restored ARC-170,Printing:NormalFoilNormal,Condition:Near MintNear MintLightly Played,Common,044/252,$0.09,Quantity:1123456789Add To Cart
Select table row 419,,Restored ARC-170 (Hyperspace),Printing:NormalFoilNormal,Condition:Near MintNear MintLightly Played,Common,310,$0.77,Quantity:1123456789Add To Cart
Select table row 420,,Resupply,Printing:NormalFoilNormal,Condition:Near MintNear MintLightly Played,Common,126/252,$0.11,Quantity:1123456789Add To Cart
Select table row 421,,Resupply (Hyperspace),Printing:NormalFoilNormal,Condition:Near MintNear MintLightly Played,Common,390,$0.35,Quantity:1123456789Add To Cart
Select table row 422,,Rogue Operative,Printing:NormalFoilNormal,Condition:Near MintNear MintLightly Played,Common,194/252,$0.05,Quantity:1123456789Add To Cart
Select table row 423,,Rogue Operative (Hyperspace),Printing:NormalFoilNormal,Condition:Near MintNear MintLightly Played,Common,456,$0.21,Quantity:1123456789Add To Cart
Select table row 424,,Rogue Squadron Skirmisher,Printing:NormalFoilNormal,Condition:Near MintNear MintLightly Played,Uncommon,101/252,$0.08,Quantity:1123456789Add To Cart
Select table row 425,,Rogue Squadron Skirmisher (Hyperspace),Printing:NormalFoilNormal,Condition:Near MintNear MintLightly Played,Uncommon,365,$0.39,Quantity:1123456789Add To Cart
Select table row 426,,Rugged Survivors,Printing:NormalFoilNormal,Condition:Near MintNear MintLightly Played,Common,067/252,$0.05,Quantity:1123456789Add To Cart
Select table row 427,,Rugged Survivors (Hyperspace),Printing:NormalFoilNormal,Condition:Near MintNear MintLightly Played,Common,332,$0.11,Quantity:1123456789Add To Cart
Select table row 428,,Rukh - Thrawn's Assassin,Printing:NormalFoilNormal,Condition:Near MintNear MintLightly PlayedModerately Played,Rare,085/252,$0.24,Quantity:1123456789Add To Cart
Select table row 429,,Rukh - Thrawn's Assassin (Hyperspace),Printing:NormalFoilNormal,Condition:Near MintNear MintLightly Played,Rare,349,$1.39,Quantity:1123456789Add To Cart
Select table row 430,,Ruthless Raider,Printing:NormalFoilNormal,Condition:Near MintNear MintLightly PlayedModerately Played,Uncommon,134/252,$0.99,Quantity:1123456789Add To Cart
Select table row 431,,Ruthless Raider (Hyperspace),Printing:NormalFoilNormal,Condition:Near MintNear MintLightly Played,Uncommon,398,$5.46,Quantity:1123456789Add To Cart
Select table row 432,,Sabine Wren - Explosives Artist,Printing:NormalFoilNormal,Condition:Near MintNear MintLightly Played,Uncommon,142/252,$0.45,Quantity:1123456789Add To Cart
Select table row 433,,Sabine Wren - Explosives Artist (Hyperspace),Printing:NormalFoilNormal,Condition:Near MintNear MintLightly Played,Uncommon,405,$2.59,Quantity:1123456789Add To Cart
Select table row 434,,Sabine Wren - Galvanized Revolutionary,Normal,Condition:Near MintNear MintLightly Played,Common,014/252,$0.08,Quantity:1123456789Add To Cart
Select table row 435,,Sabine Wren - Galvanized Revolutionary (Hyperspace),Normal,Condition:Near MintNear MintLightly Played,Common,280,$0.22,Quantity:1123456789Add To Cart
Select table row 436,,Sabine Wren - Galvanized Revolutionary (Showcase),Foil,Condition:Near MintNear MintLightly Played,Common,264,$216.71,Quantity:1123456789Add To Cart
Select table row 437,,Saw Gerrera - Extremist,Printing:NormalFoilNormal,Condition:Near MintNear MintLightly Played,Rare,153/252,$0.18,Quantity:1123456789Add To Cart
Select table row 438,,Saw Gerrera - Extremist (Hyperspace),Printing:NormalFoilNormal,Condition:Near MintNear MintLightly Played,Rare,416,$1.87,Quantity:1123456789Add To Cart
Select table row 439,,Scout Bike Pursuer,Printing:NormalFoilNormal,Condition:Near MintNear MintLightly Played,Common,032/252,$0.09,Quantity:1123456789Add To Cart
Select table row 440,,Scout Bike Pursuer (Hyperspace),Printing:NormalFoilNormal,Condition:Near MintNear MintLightly Played,Common,298,$0.27,Quantity:1123456789Add To Cart
Select table row 441,,Search Your Feelings,Printing:NormalFoilNormal,Condition:Near MintNear MintLightly Played,Rare,042/252,$0.31,Quantity:1123456789Add To Cart
Select table row 442,,Search Your Feelings (Hyperspace),Printing:NormalFoilNormal,Condition:Near MintNear MintLightly Played,Rare,308,$1.57,Quantity:1123456789Add To Cart
Select table row 443,,Seasoned Shoretrooper,Printing:NormalFoilNormal,Condition:Near MintNear MintLightly Played,Common,081/252,$0.06,Quantity:1123456789Add To Cart
Select table row 444,,Seasoned Shoretrooper (Hyperspace),Printing:NormalFoilNormal,Near Mint,Common,346,$0.29,Quantity:1123456789Add To Cart
Select table row 445,,Security Complex,Printing:NormalFoilNormal,Condition:Near MintNear MintLightly Played,Rare,019/252,$0.14,Quantity:1123456789Add To Cart
Select table row 446,,Security Complex (Hyperspace),Printing:NormalFoilNormal,Condition:Near MintNear MintLightly Played,Rare,285,$3.54,Quantity:1123456789Add To Cart
Select table row 447,,Seventh Fleet Defender,Printing:NormalFoilNormal,Condition:Near MintNear MintLightly Played,Common,180/252,$0.11,Quantity:1123456789Add To Cart
Select table row 448,,Seventh Fleet Defender (Hyperspace),Printing:NormalFoilNormal,Condition:Near MintNear MintLightly Played,Common,443,$0.87,Quantity:1123456789Add To Cart
Select table row 449,,Seventh Sister - Implacable Inquisitor,Printing:NormalFoilNormal,Condition:Near MintNear MintLightly Played,Rare,133/252,$0.36,Quantity:1123456789Add To Cart
Select table row 450,,Seventh Sister - Implacable Inquisitor (Hyperspace),Printing:NormalFoilNormal,Condition:Near MintNear MintLightly Played,Rare,397,$2.39,Quantity:1123456789Add To Cart
Select table row 451,,Shoot First,Printing:NormalFoilNormal,Condition:Near MintNear MintLightly Played,Uncommon,217/252,$0.13,Quantity:1123456789Add To Cart
Select table row 452,,Shoot First (Hyperspace),Printing:NormalFoilNormal,Condition:Near MintNear MintLightly Played,Uncommon,479,$0.77,Quantity:1123456789Add To Cart
Select table row 453,,Smoke and Cinders,Printing:NormalFoilNormal,Condition:Near MintNear MintLightly PlayedModerately Played,Rare,174/252,$0.17,Quantity:1123456789Add To Cart
Select table row 454,,Smoke and Cinders (Hyperspace),Printing:NormalFoilNormal,Condition:Near MintNear MintLightly Played,Rare,437,$0.68,Quantity:1123456789Add To Cart
Select table row 455,,Smuggling Compartment,Printing:NormalFoilNormal,Condition:Near MintNear MintLightly Played,Uncommon,214/252,$0.10,Quantity:1123456789Add To Cart
Select table row 456,,Smuggling Compartment (Hyperspace),Printing:NormalFoilNormal,Near Mint,Uncommon,476,$0.41,Quantity:1123456789Add To Cart
Select table row 457,,Snapshot Reflexes,Printing:NormalFoilNormal,Condition:Near MintNear MintLightly Played,Common,215/252,$0.12,Quantity:1123456789Add To Cart
Select table row 458,,Snapshot Reflexes (Hyperspace),Printing:NormalFoilNormal,Condition:Near MintNear MintLightly Played,Common,477,$0.48,Quantity:1123456789Add To Cart
Select table row 459,,Sneak Attack,Printing:NormalFoilNormal,Condition:Near MintNear MintLightly PlayedModerately PlayedDamaged,Rare,219/252,$1.34,Quantity:1123456789Add To Cart
Select table row 460,,Sneak Attack (Hyperspace),Printing:NormalFoilNormal,Condition:Near MintNear MintLightly Played,Rare,481,$9.30,Quantity:1123456789Add To Cart
Select table row 461,,Snowspeeder,Printing:NormalFoilNormal,Condition:Near MintNear MintLightly Played,Common,244/252,$0.05,Quantity:1123456789Add To Cart
Select table row 462,,Snowspeeder (Hyperspace),Printing:NormalFoilNormal,Condition:Near MintNear MintLightly Played,Common,502,$0.18,Quantity:1123456789Add To Cart
Select table row 463,,Snowtrooper Lieutenant,Printing:NormalFoilNormal,Condition:Near MintNear MintLightly PlayedModerately Played,Common,227/252,$0.11,Quantity:1123456789Add To Cart
Select table row 464,,Snowtrooper Lieutenant (Hyperspace),Printing:NormalFoilNormal,Condition:Near MintNear MintLightly Played,Common,488,$0.29,Quantity:1123456789Add To Cart
Select table row 465,,Spark of Rebellion,Printing:NormalFoilNormal,Condition:Near MintNear MintLightly PlayedModerately Played,Rare,200/252,$1.19,Quantity:1123456789Add To Cart
Select table row 466,,Spark of Rebellion (Hyperspace),Printing:NormalFoilNormal,Condition:Near MintNear MintLightly Played,Rare,462,$6.33,Quantity:1123456789Add To Cart
Select table row 467,,SpecForce Soldier,Printing:NormalFoilNormal,Condition:Near MintNear MintLightly Played,Common,140/252,$0.08,Quantity:1123456789Add To Cart
Select table row 468,,SpecForce Soldier (Hyperspace),Printing:NormalFoilNormal,Condition:Near MintNear MintLightly Played,Common,403,$0.30,Quantity:1123456789Add To Cart
Select table row 469,,Star Wing Scout,Printing:NormalFoilNormal,Condition:Near MintNear MintLightly Played,Uncommon,163/252,$0.11,Quantity:1123456789Add To Cart
Select table row 470,,Star Wing Scout (Hyperspace),Printing:NormalFoilNormal,Condition:Near MintNear MintLightly PlayedDamaged,Uncommon,426,$0.38,Quantity:1123456789Add To Cart
Select table row 471,,Steadfast Battalion,Printing:NormalFoilNormal,Condition:Near MintNear MintLightly Played,Common,116/252,$0.06,Quantity:1123456789Add To Cart
Select table row 472,,Steadfast Battalion (Hyperspace),Printing:NormalFoilNormal,Near Mint,Common,380,$0.21,Quantity:1123456789Add To Cart
Select table row 473,,Strafing Gunship,Printing:NormalFoilNormal,Condition:Near MintNear MintLightly Played,Rare,212/252,$0.27,Quantity:1123456789Add To Cart
Select table row 474,,Strafing Gunship (Hyperspace),Printing:NormalFoilNormal,Condition:Near MintNear MintLightly Played,Rare,474,$1.66,Quantity:1123456789Add To Cart
Select table row 475,,Strike True,Printing:NormalFoilNormal,Condition:Near MintNear MintLightly Played,Common,127/252,$0.09,Quantity:1123456789Add To Cart
Select table row 476,,Strike True (Hyperspace),Printing:NormalFoilNormal,Condition:Near MintNear MintLightly Played,Common,391,$0.27,Quantity:1123456789Add To Cart
Select table row 477,,Superlaser Blast,Printing:NormalFoilNormal,Condition:Near MintNear MintLightly PlayedModerately PlayedDamaged,Legendary,043/252,$5.79,Quantity:1123456789Add To Cart
Select table row 478,,Superlaser Blast (Hyperspace),Printing:NormalFoilNormal,Condition:Near MintNear MintLightly PlayedModerately Played,Legendary,309,$11.54,Quantity:1123456789Add To Cart
Select table row 479,,Superlaser Technician,Printing:NormalFoilNormal,Condition:Near MintNear MintLightly PlayedModerately Played,Common,083/252,$0.16,Quantity:1123456789Add To Cart
Select table row 480,,Superlaser Technician (Hyperspace),Printing:NormalFoilNormal,Condition:Near MintNear MintLightly PlayedModerately Played,Common,348,$1.46,Quantity:1123456789Add To Cart
Select table row 481,,Surprise Strike,Printing:NormalFoilNormal,Condition:Near MintNear MintLightly Played,Common,220/252,$0.12,Quantity:1123456789Add To Cart
Select table row 482,,Surprise Strike (Hyperspace),Printing:NormalFoilNormal,Condition:Near MintNear MintLightly PlayedModerately Played,Common,482,$0.61,Quantity:1123456789Add To Cart
Select table row 483,,Swoop Racer,Printing:NormalFoilNormal,Condition:Near MintNear MintLightly Played,Common,210/252,$0.05,Quantity:1123456789Add To Cart
Select table row 484,,Swoop Racer (Hyperspace),Printing:NormalFoilNormal,Condition:Near MintNear MintLightly Played,Common,472,$0.12,Quantity:1123456789Add To Cart
Select table row 485,,Syndicate Lackeys,Printing:NormalFoilNormal,Condition:Near MintNear MintLightly Played,Common,213/252,$0.06,Quantity:1123456789Add To Cart
Select table row 486,,Syndicate Lackeys (Hyperspace),Printing:NormalFoilNormal,Near Mint,Common,475,$0.26,Quantity:1123456789Add To Cart
Select table row 487,,System Patrol Craft,Printing:NormalFoilNormal,Condition:Near MintNear MintLightly Played,Common,066/252,$0.07,Quantity:1123456789Add To Cart
Select table row 488,,System Patrol Craft (Hyperspace),Printing:NormalFoilNormal,Condition:Near MintNear MintLightly Played,Common,331,$0.30,Quantity:1123456789Add To Cart
Select table row 489,,TIE Advanced,Printing:NormalFoilNormal,Condition:Near MintNear MintLightly Played,Uncommon,231/252,$0.14,Quantity:1123456789Add To Cart
Select table row 490,,TIE Advanced (Hyperspace),Printing:NormalFoilNormal,Condition:Near MintNear MintLightly PlayedModerately Played,Uncommon,492,$1.06,Quantity:1123456789Add To Cart
Select table row 491,,TIE/ln Fighter,Printing:NormalFoilNormal,Condition:Near MintNear MintLightly Played,Common,225/252,$0.10,Quantity:1123456789Add To Cart
Select table row 492,,TIE/ln Fighter (Hyperspace),Printing:NormalFoilNormal,Condition:Near MintNear MintLightly Played,Common,487,$0.69,Quantity:1123456789Add To Cart
Select table row 493,,Tactical Advantage,Printing:NormalFoilNormal,Condition:Near MintNear MintLightly Played,Common,124/252,$0.08,Quantity:1123456789Add To Cart
Select table row 494,,Tactical Advantage (Hyperspace),Printing:NormalFoilNormal,Near Mint,Common,388,$0.12,Quantity:1123456789Add To Cart
Select table row 495,,Takedown,Printing:NormalFoilNormal,Condition:Near MintNear MintLightly Played,Uncommon,077/252,$0.36,Quantity:1123456789Add To Cart
Select table row 496,,Takedown (Hyperspace),Printing:NormalFoilNormal,Condition:Near MintNear MintLightly Played,Uncommon,342,$2.31,Quantity:1123456789Add To Cart
Select table row 497,,Tarkintown,Printing:NormalFoilNormal,Condition:Near MintNear MintLightly PlayedModerately Played,Rare,025/252,$0.63,Quantity:1123456789Add To Cart
Select table row 498,,Tarkintown (Hyperspace),Printing:NormalFoilNormal,Condition:Near MintNear MintLightly Played,Rare,291,$9.26,Quantity:1123456789Add To Cart
Select table row 499,,The Emperor's Legion,Printing:NormalFoilNormal,Condition:Near MintNear MintLightly PlayedModerately Played,Rare,091/252,$0.19,Quantity:1123456789Add To Cart
Select table row 500,,The Emperor's Legion (Hyperspace),Printing:NormalFoilNormal,Condition:Near MintNear MintLightly PlayedModerately Played,Rare,355,$0.95,Quantity:1123456789Add To Cart
Select table row 501,,The Force is With Me,Printing:NormalFoilNormal,Condition:Near MintNear MintLightly Played,Uncommon,055/252,$0.17,Quantity:1123456789Add To Cart
Select table row 502,,The Force is With Me (Hyperspace),Printing:NormalFoilNormal,Condition:Near MintNear MintLightly Played,Uncommon,320,$2.35,Quantity:1123456789Add To Cart
Select table row 503,,The Ghost - Spectre Home Base,Printing:NormalFoilNormal,Condition:Near MintNear MintLightly Played,Uncommon,050/252,$0.16,Quantity:1123456789Add To Cart
Select table row 504,,The Ghost - Spectre Home Base (Hyperspace),Printing:NormalFoilNormal,Condition:Near MintNear MintLightly Played,Uncommon,316,$1.25,Quantity:1123456789Add To Cart
Select table row 505,,Traitorous,Printing:NormalFoilNormal,Condition:Near MintNear MintLightly PlayedModerately PlayedHeavily PlayedDamaged,Rare,122/252,$0.61,Quantity:1123456789Add To Cart
Select table row 506,,Traitorous (Hyperspace),Printing:NormalFoilNormal,Condition:Near MintNear MintLightly PlayedModerately Played,Rare,386,$4.19,Quantity:1123456789Add To Cart
Select table row 507,,U-Wing Reinforcement,Printing:NormalFoilNormal,Condition:Near MintNear MintLightly PlayedModerately PlayedDamaged,Rare,104/252,$1.89,Quantity:1123456789Add To Cart
Select table row 508,,U-Wing Reinforcement (Hyperspace),Printing:NormalFoilNormal,Condition:Near MintNear MintLightly PlayedModerately PlayedDamaged,Rare,368,$8.85,Quantity:1123456789Add To Cart
Select table row 509,,Underworld Thug,Printing:NormalFoilNormal,Condition:Near MintNear MintLightly Played,Common,247/252,$0.04,Quantity:1123456789Add To Cart
Select table row 510,,Underworld Thug (Hyperspace),Printing:NormalFoilNormal,Condition:Near MintNear MintLightly Played,Common,505,$0.11,Quantity:1123456789Add To Cart
Select table row 511,,Vader's Lightsaber,Normal,Condition:Near MintNear MintLightly PlayedHeavily Played,Special,136/252,$0.42,Quantity:1123456789Add To Cart
Select table row 512,,Vanguard Ace,Printing:NormalFoilNormal,Condition:Near MintNear MintLightly Played,Uncommon,191/252,$0.09,Quantity:1123456789Add To Cart
Select table row 513,,Vanguard Ace (Hyperspace),Printing:NormalFoilNormal,Near Mint,Uncommon,453,$0.36,Quantity:1123456789Add To Cart
Select table row 514,,Vanguard Infantry,Printing:NormalFoilNormal,Condition:Near MintNear MintLightly Played,Common,108/252,$0.10,Quantity:1123456789Add To Cart
Select table row 515,,Vanguard Infantry (Hyperspace),Printing:NormalFoilNormal,Near Mint,Common,372,$0.21,Quantity:1123456789Add To Cart
Select table row 516,,Vanquish,Printing:NormalFoilNormal,Condition:Near MintNear MintLightly Played,Common,078/252,$0.07,Quantity:1123456789Add To Cart
Select table row 517,,Vanquish (Hyperspace),Printing:NormalFoilNormal,Near Mint,Common,343,$0.26,Quantity:1123456789Add To Cart
Select table row 518,,Vigilance,Printing:NormalFoilNormal,Condition:Near MintNear MintLightly PlayedModerately PlayedDamaged,Legendary,058/252,$8.12,Quantity:1123456789Add To Cart
Select table row 519,,Vigilance (Hyperspace),Printing:NormalFoilNormal,Condition:Near MintNear MintLightly Played,Legendary,323,$15.56,Quantity:1123456789Add To Cart
Select table row 520,,Vigilant Honor Guards,Printing:NormalFoilNormal,Condition:Near MintNear MintLightly Played,Common,048/252,$0.04,Quantity:1123456789Add To Cart
Select table row 521,,Vigilant Honor Guards (Hyperspace),Printing:NormalFoilNormal,Near Mint,Common,314,$0.10,Quantity:1123456789Add To Cart
Select table row 522,,Viper Probe Droid,Printing:NormalFoilNormal,Condition:Near MintNear MintLightly Played,Common,228/252,$0.07,Quantity:1123456789Add To Cart
Select table row 523,,Viper Probe Droid (Hyperspace),Printing:NormalFoilNormal,Condition:Near MintNear MintLightly Played,Common,489,$0.34,Quantity:1123456789Add To Cart
Select table row 524,,Volunteer Soldier,Printing:NormalFoilNormal,Condition:Near MintNear MintLightly Played,Common,248/252,$0.05,Quantity:1123456789Add To Cart
Select table row 525,,Volunteer Soldier (Hyperspace),Printing:NormalFoilNormal,Near Mint,Common,506,$0.13,Quantity:1123456789Add To Cart
Select table row 526,,Wampa,Printing:NormalFoilNormal,Condition:Near MintNear MintLightly Played,Common,164/252,$0.04,Quantity:1123456789Add To Cart
Select table row 527,,Wampa (Hyperspace),Printing:NormalFoilNormal,Near Mint,Common,427,$0.15,Quantity:1123456789Add To Cart
Select table row 528,,Waylay,Printing:NormalFoilNormal,Condition:Near MintNear MintLightly Played,Common,222/252,$0.14,Quantity:1123456789Add To Cart
Select table row 529,,Waylay (Hyperspace),Printing:NormalFoilNormal,Condition:Near MintNear MintLightly PlayedModerately Played,Common,484,$0.96,Quantity:1123456789Add To Cart
Select table row 530,,Wedge Antilles - Star of the Rebellion,Printing:NormalFoilNormal,Condition:Near MintNear MintLightly PlayedModerately Played,Rare,100/252,$0.26,Quantity:1123456789Add To Cart
Select table row 531,,Wedge Antilles - Star of the Rebellion (Hyperspace),Printing:NormalFoilNormal,Condition:Near MintNear MintLightly Played,Rare,364,$3.88,Quantity:1123456789Add To Cart
Select table row 532,,Wilderness Fighter,Printing:NormalFoilNormal,Condition:Near MintNear MintLightly Played,Common,064/252,$0.07,Quantity:1123456789Add To Cart
Select table row 533,,Wilderness Fighter (Hyperspace),Printing:NormalFoilNormal,Near Mint,Common,329,$0.19,Quantity:1123456789Add To Cart
Select table row 534,,Wing Leader,Printing:NormalFoilNormal,Condition:Near MintNear MintLightly Played,Uncommon,241/252,$0.21,Quantity:1123456789Add To Cart
Select table row 535,,Wing Leader (Hyperspace),Printing:NormalFoilNormal,Condition:Near MintNear MintLightly Played,Uncommon,499,$2.71,Quantity:1123456789Add To Cart
Select table row 536,,Wolffe - Suspicious Veteran,Printing:NormalFoilNormal,Condition:Near MintNear MintLightly PlayedModerately PlayedDamaged,Rare,160/252,$0.30,Quantity:1123456789Add To Cart
Select table row 537,,Wolffe - Suspicious Veteran (Hyperspace),Printing:NormalFoilNormal,Near Mint,Rare,423,$2.56,Quantity:1123456789Add To Cart
Select table row 538,,Yoda - Old Master,Printing:NormalFoilNormal,Condition:Near MintNear MintLightly Played,Uncommon,045/252,$0.19,Quantity:1123456789Add To Cart
Select table row 539,,Yoda - Old Master (Hyperspace),Printing:NormalFoilNormal,Condition:Near MintNear MintLightly Played,Uncommon,311,$1.53,Quantity:1123456789Add To Cart
Select table row 540,,You're My Only Hope,Printing:NormalFoilNormal,Condition:Near MintNear MintLightly PlayedModerately Played,Rare,246/252,$0.46,Quantity:1123456789Add To Cart
Select table row 541,,You're My Only Hope (Hyperspace),Printing:NormalFoilNormal,Condition:Near MintNear MintLightly Played,Rare,504,$3.90,Quantity:1123456789Add To Cart
Select table row 542,,Zeb Orrelios - Headstrong Warrior,Printing:NormalFoilNormal,Condition:Near MintNear MintLightly Played,Uncommon,146/252,$0.12,Quantity:1123456789Add To Cart
Select table row 543,,Zeb Orrelios - Headstrong Warrior (Hyperspace),Printing:NormalFoilNormal,Condition:Near MintNear MintLightly Played,Uncommon,409,$0.78,Quantity:1123456789Add To Cart
