Select all table rows,Image,Product Name,Printing,Condition,Rarity,Number,Market Price,"Add to CartWe’re dedicated to helping you save both time and money by finding you the lowest prices around, with priority given to Direct."
Select table row 1,,332nd Stalwart,Normal,Condition:Near MintNear MintLightly PlayedModerately Played,Special,240/257,$0.69,Quantity:1123456789Add To Cart
Select table row 2,,41st Elite Corps,Printing:NormalFoilNormal,Condition:Near MintNear MintLightly PlayedModerately Played,Common,045/257,$0.06,Quantity:1123456789Add To Cart
Select table row 3,,41st Elite Corps (Hyperspace),Printing:NormalFoilNormal,Condition:Near MintNear MintLightly Played,Common,318,$0.15,Quantity:1123456789Add To Cart
Select table row 4,,501st Liberator,Printing:NormalFoilNormal,Condition:Near MintNear MintLightly Played,Common,109/257,$0.06,Quantity:1123456789Add To Cart
Select table row 5,,501st Liberator (Hyperspace),Printing:NormalFoilNormal,Near Mint,Common,379,$0.21,Quantity:1123456789Add To Cart
Select table row 6,,A Fine Addition,Printing:NormalFoilNormal,Condition:Near MintNear MintLightly Played,Rare,040/257,$0.21,Quantity:1123456789Add To Cart
Select table row 7,,A Fine Addition (Hyperspace),Printing:NormalFoilNormal,Condition:Near MintNear MintLightly Played,Rare,313,$1.39,Quantity:1123456789Add To Cart
Select table row 8,,AT-TE Vanguard,Printing:NormalFoilNormal,Condition:Near MintNear MintLightly Played,Uncommon,247/257,$0.09,Quantity:1123456789Add To Cart
Select table row 9,,AT-TE Vanguard (Hyperspace),Printing:NormalFoilNormal,Near Mint,Uncommon,508,$0.29,Quantity:1123456789Add To Cart
Select table row 10,,Aayla Secura - Master of the Blade,Printing:NormalFoilNormal,Condition:Near MintNear MintLightly PlayedModerately PlayedDamaged,Legendary,096/257,$1.75,Quantity:1123456789Add To Cart
Select table row 11,,Aayla Secura - Master of the Blade (Hyperspace),Printing:NormalFoilNormal,Condition:Near MintNear MintLightly Played,Legendary,368,$5.84,Quantity:1123456789Add To Cart
Select table row 12,,Admiral Trench - Holding the Line,Printing:NormalFoilNormal,Condition:Near MintNear MintLightly Played,Uncommon,086/257,$0.06,Quantity:1123456789Add To Cart
Select table row 13,,Admiral Trench - Holding the Line (Hyperspace),Printing:NormalFoilNormal,Condition:Near MintNear MintLightly Played,Uncommon,358,$0.32,Quantity:1123456789Add To Cart
Select table row 14,,Admiral Yularen - Advising Caution,Printing:NormalFoilNormal,Condition:Near MintNear MintLightly Played,Rare,092/257,$0.31,Quantity:1123456789Add To Cart
Select table row 15,,Admiral Yularen - Advising Caution (Hyperspace),Printing:NormalFoilNormal,Condition:Near MintNear MintLightly PlayedDamaged,Rare,364,$1.88,Quantity:1123456789Add To Cart
Select table row 16,,Advanced Recon Commando,Printing:NormalFoilNormal,Condition:Near MintNear MintLightly Played,Common,093/257,$0.05,Quantity:1123456789Add To Cart
Select table row 17,,Advanced Recon Commando (Hyperspace),Printing:NormalFoilNormal,Condition:Near MintNear MintLightly Played,Common,365,$0.17,Quantity:1123456789Add To Cart
Select table row 18,,Aggrieved Parliamentarian,Printing:NormalFoilNormal,Condition:Near MintNear MintLightly Played,Common,252/257,$0.05,Quantity:1123456789Add To Cart
Select table row 19,,Aggrieved Parliamentarian (Hyperspace),Printing:NormalFoilNormal,Condition:Near MintNear MintLightly Played,Common,512,$0.26,Quantity:1123456789Add To Cart
Select table row 20,,Ahsoka Tano - Always Ready For Trouble,Printing:NormalFoilNormal,Condition:Near MintNear MintLightly PlayedDamaged,Legendary,194/257,$1.13,Quantity:1123456789Add To Cart
Select table row 21,,Ahsoka Tano - Always Ready For Trouble (Hyperspace),Printing:NormalFoilNormal,Condition:Near MintNear MintLightly Played,Legendary,459,$4.17,Quantity:1123456789Add To Cart
Select table row 22,,Ahsoka Tano - Snips,Normal,Near Mint,Special,011/257,$0.37,Quantity:1123456789Add To Cart
Select table row 23,,Ahsoka Tano - Snips (Showcase),Foil,Condition:Near MintNear MintLightly Played,Special,268,$73.82,Quantity:1123456789Add To Cart
Select table row 24,,Ahsoka's Padawan Lightsaber,Normal,Condition:Near MintNear MintLightly Played,Special,248/257,$0.75,Quantity:1123456789Add To Cart
Select table row 25,,Aid from the Innocent,Printing:NormalFoilNormal,Condition:Near MintNear MintLightly Played,Rare,201/257,$0.15,Quantity:1123456789Add To Cart
Select table row 26,,Aid from the Innocent (Hyperspace),Printing:NormalFoilNormal,Condition:Near MintNear MintLightly Played,Rare,466,$0.50,Quantity:1123456789Add To Cart
Select table row 27,,Anakin Skywalker - Maverick Mentor,Normal,Condition:Near MintNear MintLightly Played,Special,147/257,$0.91,Quantity:1123456789Add To Cart
Select table row 28,,Anakin Skywalker - What it Takes to Win,Normal,Condition:Near MintNear MintLightly Played,Common,012/257,$0.07,Quantity:1123456789Add To Cart
Select table row 29,,Anakin Skywalker - What it Takes to Win (Hyperspace),Normal,Condition:Near MintNear MintLightly Played,Common,287,$0.18,Quantity:1123456789Add To Cart
Select table row 30,,Anakin Skywalker - What it Takes to Win (Showcase),Foil,Condition:Near MintNear MintLightly Played,Common,269,$206.04,Quantity:1123456789Add To Cart
Select table row 31,,Anakin's Interceptor - Where the Fun Begins,Printing:NormalFoilNormal,Condition:Near MintNear MintLightly Played,Uncommon,142/257,$0.14,Quantity:1123456789Add To Cart
Select table row 32,,Anakin's Interceptor - Where the Fun Begins (Hyperspace),Printing:NormalFoilNormal,Condition:Near MintNear MintLightly Played,Uncommon,410,$1.99,Quantity:1123456789Add To Cart
Select table row 33,,Armored Saber Tank,Printing:NormalFoilNormal,Condition:Near MintNear MintLightly Played,Common,245/257,$0.05,Quantity:1123456789Add To Cart
Select table row 34,,Armored Saber Tank (Hyperspace),Printing:NormalFoilNormal,Near Mint,Common,506,$0.21,Quantity:1123456789Add To Cart
Select table row 35,,Asajj Ventress - Count Dooku's Assassin,Printing:NormalFoilNormal,Condition:Near MintNear MintLightly Played,Uncommon,134/257,$0.11,Quantity:1123456789Add To Cart
Select table row 36,,Asajj Ventress - Count Dooku's Assassin (Hyperspace),Printing:NormalFoilNormal,Condition:Near MintNear MintLightly Played,Uncommon,402,$0.51,Quantity:1123456789Add To Cart
Select table row 37,,Asajj Ventress - Unparalleled Adversary,Normal,Condition:Near MintNear MintLightly Played,Rare,014/257,$0.13,Quantity:1123456789Add To Cart
Select table row 38,,Asajj Ventress - Unparalleled Adversary (Hyperspace),Normal,Condition:Near MintNear MintLightly Played,Rare,289,$0.36,Quantity:1123456789Add To Cart
Select table row 39,,Asajj Ventress - Unparalleled Adversary (Showcase),Foil,Near Mint,Rare,271,$90.91,Quantity:1123456789Add To Cart
Select table row 40,,Aurra Sing - Crackshot Sniper,Printing:NormalFoilNormal,Condition:Near MintNear MintLightly Played,Uncommon,166/257,$0.08,Quantity:1123456789Add To Cart
Select table row 41,,Aurra Sing - Crackshot Sniper (Hyperspace),Printing:NormalFoilNormal,Near Mint,Uncommon,433,$0.43,Quantity:1123456789Add To Cart
Select table row 42,,B1 Attack Platform,Printing:NormalFoilNormal,Condition:Near MintNear MintLightly Played,Common,133/257,$0.04,Quantity:1123456789Add To Cart
Select table row 43,,B1 Attack Platform (Hyperspace),Printing:NormalFoilNormal,Near Mint,Common,401,$0.20,Quantity:1123456789Add To Cart
Select table row 44,,B1 Security Team,Printing:NormalFoilNormal,Condition:Near MintNear MintLightly Played,Common,207/257,$0.06,Quantity:1123456789Add To Cart
Select table row 45,,B1 Security Team (Hyperspace),Printing:NormalFoilNormal,Near Mint,Common,472,$0.25,Quantity:1123456789Add To Cart
Select table row 46,,B2 Legionnaires,Printing:NormalFoilNormal,Condition:Near MintNear MintLightly Played,Common,113/257,$0.06,Quantity:1123456789Add To Cart
Select table row 47,,B2 Legionnaires (Hyperspace),Printing:NormalFoilNormal,Near Mint,Common,383,$0.21,Quantity:1123456789Add To Cart
Select table row 48,,Baktoid Spider Droid,Printing:NormalFoilNormal,Near Mint,Common,117/257,$0.04,Quantity:1123456789Add To Cart
Select table row 49,,Baktoid Spider Droid (Hyperspace),Printing:NormalFoilNormal,Near Mint,Common,387,$0.17,Quantity:1123456789Add To Cart
Select table row 50,,Barriss Offee - Unassuming Apprentice,Printing:NormalFoilNormal,Condition:Near MintNear MintLightly Played,Rare,042/257,$0.21,Quantity:1123456789Add To Cart
Select table row 51,,Barriss Offee - Unassuming Apprentice (Hyperspace),Printing:NormalFoilNormal,Near Mint,Rare,315,$1.47,Quantity:1123456789Add To Cart
Select table row 52,,Batch Brothers,Printing:NormalFoilNormal,Condition:Near MintNear MintLightly Played,Common,144/257,$0.06,Quantity:1123456789Add To Cart
Select table row 53,,Batch Brothers (Hyperspace),Printing:NormalFoilNormal,Near Mint,Common,412,$0.19,Quantity:1123456789Add To Cart
Select table row 54,,Battle Droid // Clone Trooper,Normal,Condition:Near MintNear MintLightly Played,Common,T01 // T02,$1.69,Quantity:1123456789Add To Cart
Select table row 55,,Battle Droid Escort,Normal,Condition:Near MintNear MintLightly Played,Special,229/257,$1.10,Quantity:1123456789Add To Cart
Select table row 56,,Battle Droid Legion,Printing:NormalFoilNormal,Condition:Near MintNear MintLightly Played,Uncommon,235/257,$0.08,Quantity:1123456789Add To Cart
Select table row 57,,Battle Droid Legion (Hyperspace),Printing:NormalFoilNormal,Condition:Near MintNear MintLightly Played,Uncommon,498,$0.35,Quantity:1123456789Add To Cart
Select table row 58,,Blood Sport,Printing:NormalFoilNormal,Condition:Near MintNear MintLightly Played,Uncommon,173/257,$0.09,Quantity:1123456789Add To Cart
Select table row 59,,Blood Sport (Hyperspace),Printing:NormalFoilNormal,Near Mint,Uncommon,440,$0.31,Quantity:1123456789Add To Cart
Select table row 60,,Bo-Katan Kryze - Death Watch Lieutenant,Printing:NormalFoilNormal,Condition:Near MintNear MintLightly Played,Rare,130/257,$0.23,Quantity:1123456789Add To Cart
Select table row 61,,Bo-Katan Kryze - Death Watch Lieutenant (Hyperspace),Printing:NormalFoilNormal,Condition:Near MintNear MintLightly Played,Rare,398,$1.67,Quantity:1123456789Add To Cart
Select table row 62,,Bold Recon Commando,Printing:NormalFoilNormal,Condition:Near MintNear MintLightly Played,Common,161/257,$0.05,Quantity:1123456789Add To Cart
Select table row 63,,Bold Recon Commando (Hyperspace),Printing:NormalFoilNormal,Near Mint,Common,428,$0.20,Quantity:1123456789Add To Cart
Select table row 64,,Bold Resistance,Printing:NormalFoilNormal,Condition:Near MintNear MintLightly Played,Uncommon,153/257,$0.09,Quantity:1123456789Add To Cart
Select table row 65,,Bold Resistance (Hyperspace),Printing:NormalFoilNormal,Near Mint,Uncommon,420,$0.26,Quantity:1123456789Add To Cart
Select table row 66,,Brain Invaders,Printing:NormalFoilNormal,Condition:Near MintNear MintLightly Played,Rare,255/257,$0.16,Quantity:1123456789Add To Cart
Select table row 67,,Brain Invaders (Hyperspace),Printing:NormalFoilNormal,Condition:Near MintNear MintLightly Played,Rare,515,$0.73,Quantity:1123456789Add To Cart
Select table row 68,,Breaking In,Printing:NormalFoilNormal,Condition:Near MintNear MintLightly Played,Common,224/257,$0.09,Quantity:1123456789Add To Cart
Select table row 69,,Breaking In (Hyperspace),Printing:NormalFoilNormal,Condition:Near MintNear MintLightly Played,Common,489,$0.52,Quantity:1123456789Add To Cart
Select table row 70,,Cad Bane - Hostage Taker,Printing:NormalFoilNormal,Condition:Near MintNear MintLightly PlayedModerately PlayedHeavily PlayedDamaged,Legendary,187/257,$5.73,Quantity:1123456789Add To Cart
Select table row 71,,Cad Bane - Hostage Taker (Hyperspace),Printing:NormalFoilNormal,Condition:Near MintNear MintLightly Played,Legendary,452,$15.99,Quantity:1123456789Add To Cart
Select table row 72,,Calculating MagnaGuard,Printing:NormalFoilNormal,Condition:Near MintNear MintLightly Played,Uncommon,033/257,$0.14,Quantity:1123456789Add To Cart
Select table row 73,,Calculating MagnaGuard (Hyperspace),Printing:NormalFoilNormal,Condition:Near MintNear MintLightly Played,Uncommon,306,$0.85,Quantity:1123456789Add To Cart
Select table row 74,,Captain Rex - Fighting For His Brothers,Normal,Condition:Near MintNear MintLightly Played,Rare,007/257,$0.22,Quantity:1123456789Add To Cart
Select table row 75,,Captain Rex - Fighting For His Brothers (Hyperspace),Normal,Condition:Near MintNear MintLightly Played,Rare,282,$0.82,Quantity:1123456789Add To Cart
Select table row 76,,Captain Rex - Fighting For His Brothers (Showcase),Foil,Condition:Near MintNear MintLightly Played,Rare,264,$135.49,Quantity:1123456789Add To Cart
Select table row 77,,Captain Rex - Lead by Example,Normal,Condition:Near MintNear MintLightly Played,Special,097/257,$1.02,Quantity:1123456789Add To Cart
Select table row 78,,Captain Typho - Protecting the Senator,Printing:NormalFoilNormal,Condition:Near MintNear MintLightly Played,Uncommon,046/257,$0.12,Quantity:1123456789Add To Cart
Select table row 79,,Captain Typho - Protecting the Senator (Hyperspace),Printing:NormalFoilNormal,Near Mint,Uncommon,319,$0.34,Quantity:1123456789Add To Cart
Select table row 80,,Caught in the Crossfire,Printing:NormalFoilNormal,Condition:Near MintNear MintLightly Played,Rare,176/257,$0.17,Quantity:1123456789Add To Cart
Select table row 81,,Caught in the Crossfire (Hyperspace),Printing:NormalFoilNormal,Condition:Near MintNear MintLightly Played,Rare,442,$1.11,Quantity:1123456789Add To Cart
Select table row 82,,Chancellor Palpatine - Playing Both Sides,Normal,Condition:Near MintNear MintLightly Played,Rare,017/257,$0.13,Quantity:1123456789Add To Cart
Select table row 83,,Chancellor Palpatine - Playing Both Sides (Hyperspace),Normal,Condition:Near MintNear MintLightly Played,Rare,292,$0.43,Quantity:1123456789Add To Cart
Select table row 84,,Chancellor Palpatine - Playing Both Sides (Showcase),Foil,Condition:Near MintNear MintLightly Played,Rare,274,$181.25,Quantity:1123456789Add To Cart
Select table row 85,,Chancellor Palpatine - Wartime Chancellor,Printing:NormalFoilNormal,Condition:Near MintNear MintLightly PlayedModerately Played,Legendary,203/257,$4.28,Quantity:1123456789Add To Cart
Select table row 86,,Chancellor Palpatine - Wartime Chancellor (Hyperspace),Printing:NormalFoilNormal,Condition:Near MintNear MintLightly PlayedModerately Played,Legendary,468,$4.52,Quantity:1123456789Add To Cart
Select table row 87,,Clear the Field,Printing:NormalFoilNormal,Condition:Near MintNear MintLightly Played,Uncommon,199/257,$0.06,Quantity:1123456789Add To Cart
Select table row 88,,Clear the Field (Hyperspace),Printing:NormalFoilNormal,Condition:Near MintNear MintLightly Played,Uncommon,464,$0.44,Quantity:1123456789Add To Cart
Select table row 89,,Clone,Printing:NormalFoilNormal,Condition:Near MintNear MintLightly PlayedDamaged,Legendary,116/257,$0.96,Quantity:1123456789Add To Cart
Select table row 90,,Clone (Hyperspace),Printing:NormalFoilNormal,Condition:Near MintNear MintLightly Played,Legendary,386,$2.36,Quantity:1123456789Add To Cart
Select table row 91,,Clone Cohort,Printing:NormalFoilNormal,Condition:Near MintNear MintLightly Played,Uncommon,169/257,$0.08,Quantity:1123456789Add To Cart
Select table row 92,,Clone Cohort (Hyperspace),Printing:NormalFoilNormal,Condition:Near MintNear MintLightly Played,Uncommon,436,$0.23,Quantity:1123456789Add To Cart
Select table row 93,,Clone Commander Cody - Commanding the 212th,Printing:NormalFoilNormal,Condition:Near MintNear MintLightly Played,Uncommon,114/257,$0.16,Quantity:1123456789Add To Cart
Select table row 94,,Clone Commander Cody - Commanding the 212th (Hyperspace),Printing:NormalFoilNormal,Near Mint,Uncommon,384,$1.46,Quantity:1123456789Add To Cart
Select table row 95,,Clone Dive Trooper,Printing:NormalFoilNormal,Condition:Near MintNear MintLightly Played,Common,205/257,$0.05,Quantity:1123456789Add To Cart
Select table row 96,,Clone Dive Trooper (Hyperspace),Printing:NormalFoilNormal,Near Mint,Common,470,$0.12,Quantity:1123456789Add To Cart
Select table row 97,,Clone Heavy Gunner,Printing:NormalFoilNormal,Condition:Near MintNear MintLightly Played,Common,158/257,$0.06,Quantity:1123456789Add To Cart
Select table row 98,,Clone Heavy Gunner (Hyperspace),Printing:NormalFoilNormal,Near Mint,Common,425,$0.20,Quantity:1123456789Add To Cart
Select table row 99,,Compassionate Senator,Printing:NormalFoilNormal,Condition:Near MintNear MintLightly Played,Uncommon,056/257,$0.09,Quantity:1123456789Add To Cart
Select table row 100,,Compassionate Senator (Hyperspace),Printing:NormalFoilNormal,Near Mint,Uncommon,329,$0.28,Quantity:1123456789Add To Cart
Select table row 101,,Confederate Courier,Printing:NormalFoilNormal,Condition:Near MintNear MintLightly Played,Common,079/257,$0.06,Quantity:1123456789Add To Cart
Select table row 102,,Confederate Courier (Hyperspace),Printing:NormalFoilNormal,Near Mint,Common,352,$0.25,Quantity:1123456789Add To Cart
Select table row 103,,Confederate Tri-Fighter,Printing:NormalFoilNormal,Condition:Near MintNear MintLightly PlayedModerately Played,Uncommon,132/257,$0.11,Quantity:1123456789Add To Cart
Select table row 104,,Confederate Tri-Fighter (Hyperspace),Printing:NormalFoilNormal,Condition:Near MintNear MintLightly Played,Uncommon,400,$0.51,Quantity:1123456789Add To Cart
Select table row 105,,Consolidation of Power,Printing:NormalFoilNormal,Condition:Near MintNear MintLightly Played,Rare,089/257,$0.20,Quantity:1123456789Add To Cart
Select table row 106,,Consolidation of Power (Hyperspace),Printing:NormalFoilNormal,Near Mint,Rare,361,$0.38,Quantity:1123456789Add To Cart
Select table row 107,,Corner the Prey,Printing:NormalFoilNormal,Condition:Near MintNear MintLightly Played,Rare,139/257,$0.16,Quantity:1123456789Add To Cart
Select table row 108,,Corner the Prey (Hyperspace),Printing:NormalFoilNormal,Condition:Near MintNear MintLightly Played,Rare,407,$0.43,Quantity:1123456789Add To Cart
Select table row 109,,Coruscant Guard,Printing:NormalFoilNormal,Condition:Near MintNear MintLightly Played,Common,106/257,$0.05,Quantity:1123456789Add To Cart
Select table row 110,,Coruscant Guard (Hyperspace),Printing:NormalFoilNormal,Near Mint,Common,377,$0.20,Quantity:1123456789Add To Cart
Select table row 111,,Count Dooku - Face of the Confederacy,Normal,Condition:Near MintNear MintLightly Played,Common,005/257,$0.06,Quantity:1123456789Add To Cart
Select table row 112,,Count Dooku - Face of the Confederacy (Hyperspace),Normal,Condition:Near MintNear MintLightly Played,Common,280,$0.14,Quantity:1123456789Add To Cart
Select table row 113,,Count Dooku - Face of the Confederacy (Showcase),Foil,Condition:Near MintNear MintLightly Played,Common,262,$94.35,Quantity:1123456789Add To Cart
Select table row 114,,Count Dooku - Fallen Jedi,Printing:NormalFoilNormal,Condition:Near MintNear MintLightly Played,Rare,138/257,$0.26,Quantity:1123456789Add To Cart
Select table row 115,,Count Dooku - Fallen Jedi (Hyperspace),Printing:NormalFoilNormal,Condition:Near MintNear MintLightly Played,Rare,406,$3.24,Quantity:1123456789Add To Cart
Select table row 116,,Creative Thinking,Printing:NormalFoilNormal,Condition:Near MintNear MintLightly Played,Common,200/257,$0.03,Quantity:1123456789Add To Cart
Select table row 117,,Creative Thinking (Hyperspace),Printing:NormalFoilNormal,Near Mint,Common,465,$0.17,Quantity:1123456789Add To Cart
Select table row 118,,Daring Raid,Printing:NormalFoilNormal,Condition:Near MintNear MintLightly Played,Common,170/257,$0.13,Quantity:1123456789Add To Cart
Select table row 119,,Daring Raid (Hyperspace),Printing:NormalFoilNormal,Condition:Near MintNear MintLightly Played,Common,437,$0.63,Quantity:1123456789Add To Cart
Select table row 120,,Darth Maul - Revenge At Last (Hyperspace),Printing:NormalFoilNormal,Condition:Near MintNear MintLightly Played,Legendary,403,$7.65,Quantity:1123456789Add To Cart
Select table row 121,,Darth Maul - Revenge at Last,Printing:NormalFoilNormal,Condition:Near MintNear MintLightly PlayedModerately Played,Legendary,135/257,$3.91,Quantity:1123456789Add To Cart
Select table row 122,,Daughter of Dathomir,Printing:NormalFoilNormal,Condition:Near MintNear MintLightly Played,Common,062/257,$0.04,Quantity:1123456789Add To Cart
Select table row 123,,Daughter of Dathomir (Hyperspace),Printing:NormalFoilNormal,Condition:Near MintNear MintLightly Played,Common,335,$0.20,Quantity:1123456789Add To Cart
Select table row 124,,Death by Droids,Printing:NormalFoilNormal,Condition:Near MintNear MintLightly Played,Uncommon,076/257,$0.10,Quantity:1123456789Add To Cart
Select table row 125,,Death by Droids (Hyperspace),Printing:NormalFoilNormal,Near Mint,Uncommon,349,$0.39,Quantity:1123456789Add To Cart
Select table row 126,,Dendup's Loyalist,Printing:NormalFoilNormal,Condition:Near MintNear MintLightly Played,Common,159/257,$0.03,Quantity:1123456789Add To Cart
Select table row 127,,Dendup's Loyalist (Hyperspace),Printing:NormalFoilNormal,Near Mint,Common,426,$0.23,Quantity:1123456789Add To Cart
Select table row 128,,Devastating Gunship,Printing:NormalFoilNormal,Condition:Near MintNear MintLightly Played,Common,036/257,$0.07,Quantity:1123456789Add To Cart
Select table row 129,,Devastating Gunship (Hyperspace),Printing:NormalFoilNormal,Condition:Near MintNear MintLightly Played,Common,309,$0.29,Quantity:1123456789Add To Cart
Select table row 130,,Disaffected Senator,Printing:NormalFoilNormal,Near Mint,Uncommon,157/257,$0.07,Quantity:1123456789Add To Cart
Select table row 131,,Disaffected Senator (Hyperspace),Printing:NormalFoilNormal,Near Mint,Uncommon,424,$0.30,Quantity:1123456789Add To Cart
Select table row 132,,Disruptive Burst,Printing:NormalFoilNormal,Condition:Near MintNear MintLightly Played,Uncommon,075/257,$0.06,Quantity:1123456789Add To Cart
Select table row 133,,Disruptive Burst (Hyperspace),Printing:NormalFoilNormal,Near Mint,Uncommon,348,$0.28,Quantity:1123456789Add To Cart
Select table row 134,,Droid Cohort,Printing:NormalFoilNormal,Condition:Near MintNear MintLightly Played,Common,218/257,$0.05,Quantity:1123456789Add To Cart
Select table row 135,,Droid Cohort (Hyperspace),Printing:NormalFoilNormal,Near Mint,Common,483,$0.17,Quantity:1123456789Add To Cart
Select table row 136,,Droid Commando,Printing:NormalFoilNormal,Condition:Near MintNear MintLightly Played,Common,081/257,$0.07,Quantity:1123456789Add To Cart
Select table row 137,,Droid Commando (Hyperspace),Printing:NormalFoilNormal,Near Mint,Common,354,$0.25,Quantity:1123456789Add To Cart
Select table row 138,,Droid Deployment,Printing:NormalFoilNormal,Condition:Near MintNear MintLightly Played,Common,237/257,$0.07,Quantity:1123456789Add To Cart
Select table row 139,,Droid Deployment (Hyperspace),Printing:NormalFoilNormal,Condition:Near MintNear MintLightly Played,Common,499,$0.28,Quantity:1123456789Add To Cart
Select table row 140,,Droid Manufactory,Printing:NormalFoilNormal,Condition:Near MintNear MintLightly PlayedModerately Played,Rare,022/257,$0.18,Quantity:1123456789Add To Cart
Select table row 141,,Droid Manufactory (Hyperspace),Printing:NormalFoilNormal,Condition:Near MintNear MintLightly Played,Rare,297,$3.36,Quantity:1123456789Add To Cart
Select table row 142,,Droid Starfighter,Printing:NormalFoilNormal,Condition:Near MintNear MintLightly Played,Common,228/257,$0.07,Quantity:1123456789Add To Cart
Select table row 143,,Droid Starfighter (Hyperspace),Printing:NormalFoilNormal,Condition:Near MintNear MintLightly Played,Common,492,$0.25,Quantity:1123456789Add To Cart
Select table row 144,,Droideka Security,Printing:NormalFoilNormal,Condition:Near MintNear MintLightly Played,Common,037/257,$0.05,Quantity:1123456789Add To Cart
Select table row 145,,Droideka Security (Hyperspace),Printing:NormalFoilNormal,Condition:Near MintNear MintLightly Played,Common,310,$0.23,Quantity:1123456789Add To Cart
Select table row 146,,Drop In,Printing:NormalFoilNormal,Condition:Near MintNear MintLightly Played,Common,251/257,$0.04,Quantity:1123456789Add To Cart
Select table row 147,,Drop In (Hyperspace),Printing:NormalFoilNormal,Condition:Near MintNear MintLightly Played,Common,511,$0.20,Quantity:1123456789Add To Cart
Select table row 148,,Duchess's Champion,Printing:NormalFoilNormal,Condition:Near MintNear MintLightly Played,Uncommon,054/257,$0.07,Quantity:1123456789Add To Cart
Select table row 149,,Duchess's Champion (Hyperspace),Printing:NormalFoilNormal,Near Mint,Uncommon,327,$0.19,Quantity:1123456789Add To Cart
Select table row 150,,Dwarf Spider Droid,Printing:NormalFoilNormal,Condition:Near MintNear MintLightly Played,Common,231/257,$0.04,Quantity:1123456789Add To Cart
Select table row 151,,Dwarf Spider Droid (Hyperspace),Printing:NormalFoilNormal,Near Mint,Common,494,$0.16,Quantity:1123456789Add To Cart
Select table row 152,,ETA-2 Light Interceptor,Printing:NormalFoilNormal,Condition:Near MintNear MintLightly Played,Common,244/257,$0.05,Quantity:1123456789Add To Cart
Select table row 153,,Echo - Valiant ARC Trooper (Hyperspace),Printing:NormalFoilNormal,Condition:Near MintNear MintLightly Played,Uncommon,362,$0.71,Quantity:1123456789Add To Cart
Select table row 154,,Echo - Valiant Arc Trooper,Printing:NormalFoilNormal,Condition:Near MintNear MintLightly Played,Uncommon,090/257,$0.13,Quantity:1123456789Add To Cart
Select table row 155,,Elite P-38 Starfighter,Printing:NormalFoilNormal,Condition:Near MintNear MintLightly Played,Common,181/257,$0.09,Quantity:1123456789Add To Cart
Select table row 156,,Elite P-38 Starfighter (Hyperspace),Printing:NormalFoilNormal,Condition:Near MintNear MintLightly PlayedDamaged,Common,446,$0.58,Quantity:1123456789Add To Cart
Select table row 157,,Encouraging Leadership,Printing:NormalFoilNormal,Condition:Near MintNear MintLightly Played,Common,126/257,$0.04,Quantity:1123456789Add To Cart
Select table row 158,,Encouraging Leadership (Hyperspace),Printing:NormalFoilNormal,Near Mint,Common,394,$0.18,Quantity:1123456789Add To Cart
Select table row 159,,Enfys Nest - Champion of Justice,Printing:NormalFoilNormal,Condition:Near MintNear MintLightly Played,Rare,198/257,$0.34,Quantity:1123456789Add To Cart
Select table row 160,,Enfys Nest - Champion of Justice (Hyperspace),Printing:NormalFoilNormal,Condition:Near MintNear MintLightly Played,Rare,463,$2.61,Quantity:1123456789Add To Cart
Select table row 161,,Equalize,Printing:NormalFoilNormal,Condition:Near MintNear MintLightly Played,Rare,055/257,$0.23,Quantity:1123456789Add To Cart
Select table row 162,,Equalize (Hyperspace),Printing:NormalFoilNormal,Condition:Near MintNear MintLightly Played,Rare,328,$1.06,Quantity:1123456789Add To Cart
Select table row 163,,Eta-2 Light Interceptor (Hyperspace),Printing:NormalFoilNormal,Near Mint,Common,505,$0.16,Quantity:1123456789Add To Cart
Select table row 164,,Execute Order 66,Printing:NormalFoilNormal,Condition:Near MintNear MintLightly Played,Rare,239/257,$0.21,Quantity:1123456789Add To Cart
Select table row 165,,Execute Order 66 (Hyperspace),Printing:NormalFoilNormal,Condition:Near MintNear MintLightly Played,Rare,501,$2.93,Quantity:1123456789Add To Cart
Select table row 166,,Falchion Ion Tank,Printing:NormalFoilNormal,Condition:Near MintNear MintLightly Played,Common,065/257,$0.04,Quantity:1123456789Add To Cart
Select table row 167,,Falchion Ion Tank (Hyperspace),Printing:NormalFoilNormal,Near Mint,Common,338,$0.15,Quantity:1123456789Add To Cart
Select table row 168,,Favorable Delegate,Printing:NormalFoilNormal,Condition:Near MintNear MintLightly Played,Common,208/257,$0.06,Quantity:1123456789Add To Cart
Select table row 169,,Favorable Delegate (Hyperspace),Printing:NormalFoilNormal,Condition:Near MintNear MintLightly Played,Common,473,$0.21,Quantity:1123456789Add To Cart
Select table row 170,,Finn - On the Run,Printing:NormalFoilNormal,Condition:Near MintNear MintLightly PlayedModerately Played,Rare,053/257,$0.20,Quantity:1123456789Add To Cart
Select table row 171,,Finn - On the Run (Hyperspace),Printing:NormalFoilNormal,Condition:Near MintNear MintLightly Played,Rare,326,$0.70,Quantity:1123456789Add To Cart
Select table row 172,,Fives - In Search of Truth,Printing:NormalFoilNormal,Condition:Near MintNear MintLightly Played,Rare,216/257,$0.19,Quantity:1123456789Add To Cart
Select table row 173,,Fives - In Search of Truth (Hyperspace),Printing:NormalFoilNormal,Condition:Near MintNear MintLightly Played,Rare,481,$0.67,Quantity:1123456789Add To Cart
Select table row 174,,For The Republic,Printing:NormalFoilNormal,Condition:Near MintNear MintLightly Played,Rare,051/257,$0.22,Quantity:1123456789Add To Cart
Select table row 175,,For The Republic (Hyperspace),Printing:NormalFoilNormal,Condition:Near MintNear MintLightly Played,Rare,324,$1.19,Quantity:1123456789Add To Cart
Select table row 176,,Foresight,Printing:NormalFoilNormal,Condition:Near MintNear MintLightly Played,Rare,068/257,$0.17,Quantity:1123456789Add To Cart
Select table row 177,,Foresight (Hyperspace),Printing:NormalFoilNormal,Condition:Near MintNear MintLightly Played,Rare,341,$1.14,Quantity:1123456789Add To Cart
Select table row 178,,Freelance Assassin,Printing:NormalFoilNormal,Condition:Near MintNear MintLightly Played,Common,212/257,$0.04,Quantity:1123456789Add To Cart
Select table row 179,,Freelance Assassin (Hyperspace),Printing:NormalFoilNormal,Near Mint,Common,477,$0.17,Quantity:1123456789Add To Cart
Select table row 180,,General Grievous - General of the Droid Armies,Normal,Condition:Near MintNear MintLightly Played,Special,015/257,$0.86,Quantity:1123456789Add To Cart
Select table row 181,,General Grievous - General of the Droid Armies (Showcase),Foil,Condition:Near MintNear MintLightly PlayedDamaged,Special,272,$97.95,Quantity:1123456789Add To Cart
Select table row 182,,General Grievous - Trophy Collector,Printing:NormalFoilNormal,Condition:Near MintNear MintLightly PlayedModerately PlayedDamaged,Legendary,034/257,$4.56,Quantity:1123456789Add To Cart
Select table row 183,,General Grievous - Trophy Collector (Hyperspace),Printing:NormalFoilNormal,Condition:Near MintNear MintLightly Played,Legendary,307,$11.59,Quantity:1123456789Add To Cart
Select table row 184,,General's Blade,Printing:NormalFoilNormal,Condition:Near MintNear MintLightly PlayedModerately PlayedHeavily Played,Rare,121/257,$2.20,Quantity:1123456789Add To Cart
Select table row 185,,General's Blade (Hyperspace),Printing:NormalFoilNormal,Condition:Near MintNear MintLightly Played,Rare,391,$12.84,Quantity:1123456789Add To Cart
Select table row 186,,General's Guardian,Normal,Condition:Near MintNear MintLightly Played,Special,083/257,$0.29,Quantity:1123456789Add To Cart
Select table row 187,,Geonosis Patrol Fighter,Printing:NormalFoilNormal,Condition:Near MintNear MintLightly Played,Common,215/257,$0.07,Quantity:1123456789Add To Cart
Select table row 188,,Geonosis Patrol Fighter (Hyperspace),Printing:NormalFoilNormal,Condition:Near MintNear MintLightly Played,Common,480,$0.38,Quantity:1123456789Add To Cart
Select table row 189,,Gor - Grievous's Pet,Printing:NormalFoilNormal,Condition:Near MintNear MintLightly Played,Legendary,118/257,$0.58,Quantity:1123456789Add To Cart
Select table row 190,,Gor - Grievous's Pet (Hyperspace),Printing:NormalFoilNormal,Condition:Near MintNear MintLightly Played,Legendary,388,$1.38,Quantity:1123456789Add To Cart
Select table row 191,,Grenade Strike,Printing:NormalFoilNormal,Condition:Near MintNear MintLightly Played,Common,171/257,$0.10,Quantity:1123456789Add To Cart
Select table row 192,,Grenade Strike (Hyperspace),Printing:NormalFoilNormal,Condition:Near MintNear MintLightly Played,Common,438,$0.27,Quantity:1123456789Add To Cart
Select table row 193,,Grievous Reassembly,Printing:NormalFoilNormal,Condition:Near MintNear MintLightly Played,Common,073/257,$0.06,Quantity:1123456789Add To Cart
Select table row 194,,Grievous Reassembly (Hyperspace),Printing:NormalFoilNormal,Near Mint,Common,346,$0.19,Quantity:1123456789Add To Cart
Select table row 195,,Grievous's Wheel Bike,Normal,Condition:Near MintNear MintLightly Played,Special,236/257,$0.68,Quantity:1123456789Add To Cart
Select table row 196,,Grim Resolve,Printing:NormalFoilNormal,Condition:Near MintNear MintLightly Played,Common,172/257,$0.04,Quantity:1123456789Add To Cart
Select table row 197,,Grim Resolve (Hyperspace),Printing:NormalFoilNormal,Near Mint,Common,439,$0.18,Quantity:1123456789Add To Cart
Select table row 198,,Guarding the Way,Printing:NormalFoilNormal,Condition:Near MintNear MintLightly Played,Common,074/257,$0.05,Quantity:1123456789Add To Cart
Select table row 199,,Guarding the Way (Hyperspace),Printing:NormalFoilNormal,Near Mint,Common,347,$0.16,Quantity:1123456789Add To Cart
Select table row 200,,Guerilla Insurgency,Printing:NormalFoilNormal,Condition:Near MintNear MintLightly Played,Rare,177/257,$0.14,Quantity:1123456789Add To Cart
Select table row 201,,Guerilla Insurgency (Hyperspace),Printing:NormalFoilNormal,Condition:Near MintNear MintLightly Played,Rare,443,$0.55,Quantity:1123456789Add To Cart
Select table row 202,,Hailfire Tank,Printing:NormalFoilNormal,Near Mint,Common,233/257,$0.05,Quantity:1123456789Add To Cart
Select table row 203,,Hailfire Tank (Hyperspace),Printing:NormalFoilNormal,Near Mint,Common,496,$0.20,Quantity:1123456789Add To Cart
Select table row 204,,Headhunter Squadron,Printing:NormalFoilNormal,Condition:Near MintNear MintLightly Played,Common,253/257,$0.04,Quantity:1123456789Add To Cart
Select table row 205,,Headhunter Squadron (Hyperspace),Printing:NormalFoilNormal,Condition:Near MintNear MintLightly Played,Common,513,$0.19,Quantity:1123456789Add To Cart
Select table row 206,,Heavy Persuader Tank,Printing:NormalFoilNormal,Condition:Near MintNear MintLightly Played,Common,167/257,$0.05,Quantity:1123456789Add To Cart
Select table row 207,,Heavy Persuader Tank (Hyperspace),Printing:NormalFoilNormal,Near Mint,Common,434,$0.18,Quantity:1123456789Add To Cart
Select table row 208,,Hello There,Printing:NormalFoilNormal,Condition:Near MintNear MintLightly Played,Uncommon,052/257,$0.08,Quantity:1123456789Add To Cart
Select table row 209,,Hello There (Hyperspace),Printing:NormalFoilNormal,Condition:Near MintNear MintLightly Played,Uncommon,325,$0.42,Quantity:1123456789Add To Cart
Select table row 210,,Heroes on Both Sides,Printing:NormalFoilNormal,Condition:Near MintNear MintLightly Played,Common,249/257,$0.04,Quantity:1123456789Add To Cart
Select table row 211,,Heroes on Both Sides (Hyperspace),Printing:NormalFoilNormal,Near Mint,Common,509,$0.16,Quantity:1123456789Add To Cart
Select table row 212,,Hevy - Staunch Martyr,Printing:NormalFoilNormal,Condition:Near MintNear MintLightly Played,Uncommon,164/257,$0.16,Quantity:1123456789Add To Cart
Select table row 213,,Hevy - Staunch Martyr (Hyperspace),Printing:NormalFoilNormal,Condition:Near MintNear MintLightly Played,Uncommon,431,$0.62,Quantity:1123456789Add To Cart
Select table row 214,,Hidden Sharpshooter,Printing:NormalFoilNormal,Condition:Near MintNear MintLightly Played,Common,214/257,$0.04,Quantity:1123456789Add To Cart
Select table row 215,,Hidden Sharpshooter (Hyperspace),Printing:NormalFoilNormal,Near Mint,Common,479,$0.21,Quantity:1123456789Add To Cart
Select table row 216,,Hold-Out Blaster,Printing:NormalFoilNormal,Condition:Near MintNear MintLightly Played,Common,256/257,$0.04,Quantity:1123456789Add To Cart
Select table row 217,,Hold-Out Blaster (Hyperspace),Printing:NormalFoilNormal,Condition:Near MintNear MintLightly Played,Common,516,$0.16,Quantity:1123456789Add To Cart
Select table row 218,,Hotshot V-Wing,Printing:NormalFoilNormal,Condition:Near MintNear MintLightly Played,Common,209/257,$0.06,Quantity:1123456789Add To Cart
Select table row 219,,Hotshot V-Wing (Hyperspace),Printing:NormalFoilNormal,Condition:Near MintNear MintLightly Played,Common,474,$0.17,Quantity:1123456789Add To Cart
Select table row 220,,Huyang - Enduring Instructor,Printing:NormalFoilNormal,Condition:Near MintNear MintLightly Played,Rare,110/257,$0.37,Quantity:1123456789Add To Cart
Select table row 221,,Huyang - Enduring Instructor (Hyperspace),Printing:NormalFoilNormal,Condition:Near MintNear MintLightly PlayedModerately Played,Rare,380,$2.02,Quantity:1123456789Add To Cart
Select table row 222,,I Have The High Ground,Printing:NormalFoilNormal,Condition:Near MintNear MintLightly Played,Rare,072/257,$0.23,Quantity:1123456789Add To Cart
Select table row 223,,I Have the High Ground (Hyperspace),Printing:NormalFoilNormal,Condition:Near MintNear MintLightly Played,Rare,345,$1.00,Quantity:1123456789Add To Cart
Select table row 224,,Impropriety Among Thieves,Printing:NormalFoilNormal,Condition:Near MintNear MintLightly Played,Rare,204/257,$0.13,Quantity:1123456789Add To Cart
Select table row 225,,Impropriety Among Thieves (Hyperspace),Printing:NormalFoilNormal,Near Mint,Rare,469,$0.64,Quantity:1123456789Add To Cart
Select table row 226,,In Defense of Kamino,Printing:NormalFoilNormal,Condition:Near MintNear MintLightly Played,Rare,129/257,$0.24,Quantity:1123456789Add To Cart
Select table row 227,,In Defense of Kamino (Hyperspace),Printing:NormalFoilNormal,Condition:Near MintNear MintLightly Played,Rare,397,$1.25,Quantity:1123456789Add To Cart
Select table row 228,,In Pursuit,Printing:NormalFoilNormal,Condition:Near MintNear MintLightly Played,Common,221/257,$0.03,Quantity:1123456789Add To Cart
Select table row 229,,In Pursuit (Hyperspace),Printing:NormalFoilNormal,Near Mint,Common,486,$0.15,Quantity:1123456789Add To Cart
Select table row 230,,Independent Senator,Printing:NormalFoilNormal,Condition:Near MintNear MintLightly Played,Uncommon,206/257,$0.07,Quantity:1123456789Add To Cart
Select table row 231,,Independent Senator (Hyperspace),Printing:NormalFoilNormal,Near Mint,Uncommon,471,$0.24,Quantity:1123456789Add To Cart
Select table row 232,,Infantry of the 212th,Printing:NormalFoilNormal,Condition:Near MintNear MintLightly Played,Common,061/257,$0.07,Quantity:1123456789Add To Cart
Select table row 233,,Infantry of the 212th (Hyperspace),Printing:NormalFoilNormal,Near Mint,Common,334,$0.22,Quantity:1123456789Add To Cart
Select table row 234,,Infiltrating Demolisher,Printing:NormalFoilNormal,Condition:Near MintNear MintLightly Played,Common,182/257,$0.04,Quantity:1123456789Add To Cart
Select table row 235,,Infiltrating Demolisher (Hyperspace),Printing:NormalFoilNormal,Near Mint,Common,447,$0.23,Quantity:1123456789Add To Cart
Select table row 236,,Jango Fett - Concealing the Conspiracy,Normal,Condition:Near MintNear MintLightly Played,Common,016/257,$0.06,Quantity:1123456789Add To Cart
Select table row 237,,Jango Fett - Concealing the Conspiracy (Hyperspace),Normal,Condition:Near MintNear MintLightly Played,Common,291,$0.18,Quantity:1123456789Add To Cart
Select table row 238,,Jango Fett - Concealing the Conspiracy (Showcase),Foil,Condition:Near MintNear MintLightly Played,Common,273,$118.07,Quantity:1123456789Add To Cart
Select table row 239,,Jar Jar Binks - Foolish Gungan,Printing:NormalFoilNormal,Condition:Near MintNear MintLightly Played,Uncommon,202/257,$0.13,Quantity:1123456789Add To Cart
Select table row 240,,Jar Jar Binks - Foolish Gungan (Hyperspace),Printing:NormalFoilNormal,Condition:Near MintNear MintLightly Played,Uncommon,467,$0.74,Quantity:1123456789Add To Cart
Select table row 241,,Jesse - Hard-Fighting Patriot,Printing:NormalFoilNormal,Condition:Near MintNear MintLightly Played,Uncommon,145/257,$0.11,Quantity:1123456789Add To Cart
Select table row 242,,Jesse - Hard-Fighting Patriot (Hyperspace),Printing:NormalFoilNormal,Condition:Near MintNear MintLightly Played,Uncommon,413,$0.44,Quantity:1123456789Add To Cart
Select table row 243,,Jyn Erso - Stardust,Printing:NormalFoilNormal,Condition:Near MintNear MintLightly PlayedModerately Played,Rare,143/257,$0.30,Quantity:1123456789Add To Cart
Select table row 244,,Jyn Erso - Stardust (Hyperspace),Printing:NormalFoilNormal,Condition:Near MintNear MintLightly Played,Rare,411,$2.80,Quantity:1123456789Add To Cart
Select table row 245,,KCM Mining Facility (Hyperspace),Normal,Near Mint,Common,301,$0.25,Quantity:1123456789Add To Cart
Select table row 246,,KCM Mining Facility // Battle Droid,Normal,Near Mint,Common,026/257 // T01/T02,$0.06,Quantity:1123456789Add To Cart
Select table row 247,,KCM Mining Facility // Battle Droid (Hyperspace),Normal,Condition:Near MintNear MintLightly Played,Common,301 // T03,$0.16,Quantity:1123456789Add To Cart
Select table row 248,,KCM Mining Facility // Clone Trooper,Normal,Near Mint,Common,026/257 // T02/T02,$0.08,Quantity:1123456789Add To Cart
Select table row 249,,KCM Mining Facility // Clone Trooper (Hyperspace),Normal,Near Mint,Common,301 // T04,$0.10,Quantity:1123456789Add To Cart
Select table row 250,,Kalani - Analytical General,Printing:NormalFoilNormal,Condition:Near MintNear MintLightly Played,Rare,085/257,$0.19,Quantity:1123456789Add To Cart
Select table row 251,,Kalani - Analytical General (Hyperspace),Printing:NormalFoilNormal,Condition:Near MintNear MintLightly Played,Rare,357,$0.75,Quantity:1123456789Add To Cart
Select table row 252,,Kashyyyk Defender,Printing:NormalFoilNormal,Condition:Near MintNear MintLightly Played,Uncommon,044/257,$0.10,Quantity:1123456789Add To Cart
Select table row 253,,Kashyyyk Defender (Hyperspace),Printing:NormalFoilNormal,Near Mint,Uncommon,317,$0.43,Quantity:1123456789Add To Cart
Select table row 254,,Ki-Adi-Mundi - Composed and Confident,Printing:NormalFoilNormal,Condition:Near MintNear MintLightly PlayedModerately Played,Legendary,064/257,$3.80,Quantity:1123456789Add To Cart
Select table row 255,,Ki-Adi-Mundi - Composed and Confident (Hyperspace),Printing:NormalFoilNormal,Condition:Near MintNear MintLightly PlayedDamaged,Legendary,337,$12.52,Quantity:1123456789Add To Cart
Select table row 256,,Kit Fisto - The Smiling Jedi,Printing:NormalFoilNormal,Condition:Near MintNear MintLightly Played,Rare,165/257,$0.38,Quantity:1123456789Add To Cart
Select table row 257,,Kit Fisto - The Smiling Jedi (Hyperspace),Printing:NormalFoilNormal,Condition:Near MintNear MintLightly Played,Rare,432,$2.60,Quantity:1123456789Add To Cart
Select table row 258,,Knight of the Republic,Printing:NormalFoilNormal,Condition:Near MintNear MintLightly Played,Common,049/257,$0.03,Quantity:1123456789Add To Cart
Select table row 259,,Knight of the Republic (Hyperspace),Printing:NormalFoilNormal,Near Mint,Common,322,$0.22,Quantity:1123456789Add To Cart
Select table row 260,,Kraken - Confederate Tactician,Printing:NormalFoilNormal,Condition:Near MintNear MintLightly Played,Uncommon,084/257,$0.10,Quantity:1123456789Add To Cart
Select table row 261,,Kraken - Confederate Tactician (Hyperspace),Printing:NormalFoilNormal,Condition:Near MintNear MintLightly Played,Uncommon,356,$0.52,Quantity:1123456789Add To Cart
Select table row 262,,Lair of Grievous (Hyperspace),Normal,Condition:Near MintNear MintLightly Played,Common,298,$0.27,Quantity:1123456789Add To Cart
Select table row 263,,Lair of Grievous // Battle Droid,Normal,Condition:Near MintNear MintLightly Played,Common,023/257 // T01/T02,$0.06,Quantity:1123456789Add To Cart
Select table row 264,,Lair of Grievous // Battle Droid (Hyperspace),Normal,Near Mint,Common,298 // T03,$0.17,Quantity:1123456789Add To Cart
Select table row 265,,Lair of Grievous // Clone Trooper,Normal,Near Mint,Common,023/257 // T02/T02,$0.07,Quantity:1123456789Add To Cart
Select table row 266,,Lair of Grievous // Clone Trooper (Hyperspace),Normal,Near Mint,Common,298 // T04,$0.17,Quantity:1123456789Add To Cart
Select table row 267,,Lethal Crackdown,Printing:NormalFoilNormal,Condition:Near MintNear MintLightly Played,Uncommon,041/257,$0.09,Quantity:1123456789Add To Cart
Select table row 268,,Lethal Crackdown (Hyperspace),Printing:NormalFoilNormal,Near Mint,Uncommon,314,$0.20,Quantity:1123456789Add To Cart
Select table row 269,,Level 1313 (Hyperspace),Normal,Near Mint,Common,518,$0.25,Quantity:1123456789Add To Cart
Select table row 270,,Level 1313 // Battle Droid,Normal,Condition:Near MintNear MintLightly Played,Common,029/257 // T01,$0.05,Quantity:1123456789Add To Cart
Select table row 271,,Level 1313 // Battle Droid (Hyperspace),Normal,Near Mint,Common,518 // T03,$0.17,Quantity:1123456789Add To Cart
Select table row 272,,Level 1313 // Clone Trooper,Normal,Condition:Near MintNear MintLightly Played,Common,029/257 // T02,$0.06,Quantity:1123456789Add To Cart
Select table row 273,,Level 1313 // Clone Trooper (Hyperspace),Normal,Near Mint,Common,518 // T04,$0.14,Quantity:1123456789Add To Cart
Select table row 274,,Low Altitude Gunship,Printing:NormalFoilNormal,Condition:Near MintNear MintLightly Played,Uncommon,149/257,$0.09,Quantity:1123456789Add To Cart
Select table row 275,,Low Altitude Gunship (Hyperspace),Printing:NormalFoilNormal,Near Mint,Uncommon,416,$0.35,Quantity:1123456789Add To Cart
Select table row 276,,Luminara Unduli - Soft-Spoken Master,Printing:NormalFoilNormal,Condition:Near MintNear MintLightly Played,Rare,050/257,$0.25,Quantity:1123456789Add To Cart
Select table row 277,,Luminara Unduli - Soft-Spoken Master (Hyperspace),Printing:NormalFoilNormal,Condition:Near MintNear MintLightly Played,Rare,323,$1.35,Quantity:1123456789Add To Cart
Select table row 278,,Lux Bonteri - Renegade Separatist,Printing:NormalFoilNormal,Condition:Near MintNear MintLightly Played,Uncommon,210/257,$0.07,Quantity:1123456789Add To Cart
Select table row 279,,Lux Bonteri - Renegade Separatist (Hyperspace),Printing:NormalFoilNormal,Condition:Near MintNear MintLightly Played,Uncommon,475,$0.46,Quantity:1123456789Add To Cart
Select table row 280,,Mace Windu - Vaapad Form Master,Normal,Condition:Near MintNear MintLightly Played,Rare,013/257,$0.18,Quantity:1123456789Add To Cart
Select table row 281,,Mace Windu - Vaapad Form Master (Hyperspace),Normal,Condition:Near MintNear MintLightly Played,Rare,288,$0.43,Quantity:1123456789Add To Cart
Select table row 282,,Mace Windu - Vaapad Form Master (Showcase),Foil,Condition:Near MintNear MintLightly Played,Rare,270,$109.22,Quantity:1123456789Add To Cart
Select table row 283,,Mace Windu's Lightsaber,Printing:NormalFoilNormal,Condition:Near MintNear MintLightly Played,Rare,152/257,$0.38,Quantity:1123456789Add To Cart
Select table row 284,,Mace Windu's Lightsaber (Hyperspace),Printing:NormalFoilNormal,Condition:Near MintNear MintLightly Played,Rare,419,$1.67,Quantity:1123456789Add To Cart
Select table row 285,,MagnaGuard Wing Leader,Printing:NormalFoilNormal,Condition:Near MintNear MintLightly Played,Uncommon,082/257,$0.08,Quantity:1123456789Add To Cart
Select table row 286,,MagnaGuard Wing Leader (Hyperspace),Printing:NormalFoilNormal,Condition:Near MintNear MintLightly Played,Uncommon,355,$0.33,Quantity:1123456789Add To Cart
Select table row 287,,Malevolence - Grievous's Secret Weapon (Hyperspace),Printing:NormalFoilNormal,Condition:Near MintNear MintLightly Played,Rare,312,$3.51,Quantity:1123456789Add To Cart
Select table row 288,,Malevolence - Grievous’s Secret Weapon,Printing:NormalFoilNormal,Condition:Near MintNear MintLightly Played,Rare,039/257,$0.35,Quantity:1123456789Add To Cart
Select table row 289,,Manufactured Soldiers,Printing:NormalFoilNormal,Condition:Near MintNear MintLightly Played,Uncommon,102/257,$0.13,Quantity:1123456789Add To Cart
Select table row 290,,Manufactured Soldiers (Hyperspace),Printing:NormalFoilNormal,Condition:Near MintNear MintLightly Played,Uncommon,373,$0.33,Quantity:1123456789Add To Cart
Select table row 291,,Mas Amedda - Vice Chair,Printing:NormalFoilNormal,Condition:Near MintNear MintLightly Played,Rare,101/257,$0.24,Quantity:1123456789Add To Cart
Select table row 292,,Mas Amedda - Vice Chair (Hyperspace),Printing:NormalFoilNormal,Condition:Near MintNear MintLightly Played,Rare,372,$1.24,Quantity:1123456789Add To Cart
Select table row 293,,Maul - A Rival in Darkness,Normal,Condition:Near MintNear MintLightly Played,Common,009/257,$0.06,Quantity:1123456789Add To Cart
Select table row 294,,Maul - A Rival in Darkness (Hyperspace),Normal,Condition:Near MintNear MintLightly Played,Common,284,$0.18,Quantity:1123456789Add To Cart
Select table row 295,,Maul - A Rival in Darkness (Showcase),Foil,Condition:Near MintNear MintLightly Played,Common,266,$129.00,Quantity:1123456789Add To Cart
Select table row 296,,Merciless Contest,Printing:NormalFoilNormal,Condition:Near MintNear MintLightly Played,Common,238/257,$0.07,Quantity:1123456789Add To Cart
Select table row 297,,Merciless Contest (Hyperspace),Printing:NormalFoilNormal,Condition:Near MintNear MintLightly Played,Common,500,$0.42,Quantity:1123456789Add To Cart
Select table row 298,,Mister Bones - I Performed Violence,Printing:NormalFoilNormal,Condition:Near MintNear MintLightly Played,Rare,154/257,$0.24,Quantity:1123456789Add To Cart
Select table row 299,,Mister Bones - I Performed Violence (Hyperspace),Printing:NormalFoilNormal,Condition:Near MintNear MintLightly Played,Rare,421,$1.32,Quantity:1123456789Add To Cart
Select table row 300,,Morgan Elsbeth - Keeper of Many Secrets,Printing:NormalFoilNormal,Condition:Near MintNear MintLightly Played,Rare,035/257,$0.20,Quantity:1123456789Add To Cart
Select table row 301,,Morgan Elsbeth - Keeper of Many Secrets (Hyperspace),Printing:NormalFoilNormal,Condition:Near MintNear MintLightly Played,Rare,308,$1.32,Quantity:1123456789Add To Cart
Select table row 302,,Multi-Troop Transport,Printing:NormalFoilNormal,Condition:Near MintNear MintLightly Played,Common,066/257,$0.05,Quantity:1123456789Add To Cart
Select table row 303,,Multi-Troop Transport (Hyperspace),Printing:NormalFoilNormal,Near Mint,Common,339,$0.16,Quantity:1123456789Add To Cart
Select table row 304,,Nala Se - Clone Engineer,Normal,Condition:Near MintNear MintLightly Played,Rare,001/257,$0.12,Quantity:1123456789Add To Cart
Select table row 305,,Nala Se - Clone Engineer (Hyperspace),Normal,Condition:Near MintNear MintLightly Played,Rare,276,$0.41,Quantity:1123456789Add To Cart
Select table row 306,,Nala Se - Clone Engineer (Showcase),Foil,Near Mint,Rare,258,$90.32,Quantity:1123456789Add To Cart
Select table row 307,,Nameless Valor,Printing:NormalFoilNormal,Condition:Near MintNear MintLightly Played,Uncommon,119/257,$0.09,Quantity:1123456789Add To Cart
Select table row 308,,Nameless Valor (Hyperspace),Printing:NormalFoilNormal,Condition:Near MintNear MintLightly Played,Uncommon,389,$0.32,Quantity:1123456789Add To Cart
Select table row 309,,Now There Are Two of Them,Printing:NormalFoilNormal,Condition:Near MintNear MintLightly PlayedModerately PlayedDamaged,Legendary,225/257,$4.10,Quantity:1123456789Add To Cart
Select table row 310,,Now There Are Two of Them (Hyperspace),Printing:NormalFoilNormal,Condition:Near MintNear MintLightly PlayedDamaged,Legendary,490,$8.81,Quantity:1123456789Add To Cart
Select table row 311,,Nute Gunray - Vindictive Viceroy,Normal,Condition:Near MintNear MintLightly Played,Common,002/257,$0.05,Quantity:1123456789Add To Cart
Select table row 312,,Nute Gunray - Vindictive Viceroy (Hyperspace),Normal,Near Mint,Common,277,$0.15,Quantity:1123456789Add To Cart
Select table row 313,,Nute Gunray - Vindictive Viceroy (Showcase),Foil,Condition:Near MintNear MintLightly Played,Common,259,$45.14,Quantity:1123456789Add To Cart
Select table row 314,,OOM-Series Officer,Printing:NormalFoilNormal,Condition:Near MintNear MintLightly Played,Common,131/257,$0.07,Quantity:1123456789Add To Cart
Select table row 315,,OOM-Series Officer (Hyperspace),Printing:NormalFoilNormal,Condition:Near MintNear MintLightly Played,Common,399,$0.32,Quantity:1123456789Add To Cart
Select table row 316,,Obedient Vanguard,Printing:NormalFoilNormal,Condition:Near MintNear MintLightly Played,Common,104/257,$0.06,Quantity:1123456789Add To Cart
Select table row 317,,Obedient Vanguard (Hyperspace),Printing:NormalFoilNormal,Near Mint,Common,375,$0.24,Quantity:1123456789Add To Cart
Select table row 318,,Obi-Wan Kenobi - Patient Mentor,Normal,Condition:Near MintNear MintLightly Played,Common,003/257,$0.08,Quantity:1123456789Add To Cart
Select table row 319,,Obi-Wan Kenobi - Patient Mentor (Hyperspace),Normal,Condition:Near MintNear MintLightly Played,Common,278,$0.14,Quantity:1123456789Add To Cart
Select table row 320,,Obi-Wan Kenobi - Patient Mentor (Showcase),Foil,Condition:Near MintNear MintLightly Played,Common,260,$119.78,Quantity:1123456789Add To Cart
Select table row 321,,Obi-Wan's Aethersprite - This is Why I Hate Flying (Hyperspace),Printing:NormalFoilNormal,Condition:Near MintNear MintLightly Played,Uncommon,321,$0.97,Quantity:1123456789Add To Cart
Select table row 322,,Obi-Wan’s Aethersprite - This is Why I Hate Flying,Printing:NormalFoilNormal,Near Mint,Uncommon,048/257,$0.15,Quantity:1123456789Add To Cart
Select table row 323,,Old Access Codes,Printing:NormalFoilNormal,Condition:Near MintNear MintLightly Played,Common,168/257,$0.05,Quantity:1123456789Add To Cart
Select table row 324,,Old Access Codes (Hyperspace),Printing:NormalFoilNormal,Near Mint,Common,435,$0.13,Quantity:1123456789Add To Cart
Select table row 325,,On The Doorstep,Printing:NormalFoilNormal,Condition:Near MintNear MintLightly Played,Common,190/257,$0.05,Quantity:1123456789Add To Cart
Select table row 326,,On Top of Things,Printing:NormalFoilNormal,Condition:Near MintNear MintLightly Played,Uncommon,219/257,$0.10,Quantity:1123456789Add To Cart
Select table row 327,,On Top of Things (Hyperspace),Printing:NormalFoilNormal,Near Mint,Uncommon,484,$0.28,Quantity:1123456789Add To Cart
Select table row 328,,On the Doorstep (Hyperspace),Printing:NormalFoilNormal,Condition:Near MintNear MintLightly Played,Common,455,$0.28,Quantity:1123456789Add To Cart
Select table row 329,,Open Fire,Normal,Condition:Near MintNear MintLightly PlayedModerately Played,Special,174/257,$2.33,Quantity:1123456789Add To Cart
Select table row 330,,Osi Sobeck - Warden of the Citadel,Printing:NormalFoilNormal,Condition:Near MintNear MintLightly Played,Uncommon,115/257,$0.06,Quantity:1123456789Add To Cart
Select table row 331,,Osi Sobeck - Warden of the Citadel (Hyperspace),Printing:NormalFoilNormal,Condition:Near MintNear MintLightly Played,Uncommon,385,$0.29,Quantity:1123456789Add To Cart
Select table row 332,,Outflank,Normal,Condition:Near MintNear MintLightly Played,Special,123/257,$0.82,Quantity:1123456789Add To Cart
Select table row 333,,Outspoken Representative,Printing:NormalFoilNormal,Condition:Near MintNear MintLightly Played,Common,043/257,$0.04,Quantity:1123456789Add To Cart
Select table row 334,,Outspoken Representative (Hyperspace),Printing:NormalFoilNormal,Near Mint,Common,316,$0.21,Quantity:1123456789Add To Cart
Select table row 335,,Padawan Starfighter,Printing:NormalFoilNormal,Condition:Near MintNear MintLightly Played,Common,058/257,$0.05,Quantity:1123456789Add To Cart
Select table row 336,,Padawan Starfighter (Hyperspace),Printing:NormalFoilNormal,Near Mint,Common,331,$0.18,Quantity:1123456789Add To Cart
Select table row 337,,Padmé Amidala - Pursuing Peace,Printing:NormalFoilNormal,Condition:Near MintNear MintLightly Played,Uncommon,192/257,$0.08,Quantity:1123456789Add To Cart
Select table row 338,,Padmé Amidala - Pursuing Peace (Hyperspace),Printing:NormalFoilNormal,Condition:Near MintNear MintLightly Played,Uncommon,457,$0.27,Quantity:1123456789Add To Cart
Select table row 339,,Padmé Amidala - Serving the Republic,Normal,Near Mint,Common,008/257,$0.07,Quantity:1123456789Add To Cart
Select table row 340,,Padmé Amidala - Serving the Republic (Hyperspace),Normal,Condition:Near MintNear MintLightly Played,Common,283,$0.14,Quantity:1123456789Add To Cart
Select table row 341,,Padmé Amidala - Serving the Republic (Showcase),Foil,Near Mint,Common,265,$75.26,Quantity:1123456789Add To Cart
Select table row 342,,Patrolling AAT,Printing:NormalFoilNormal,Condition:Near MintNear MintLightly Played,Common,232/257,$0.05,Quantity:1123456789Add To Cart
Select table row 343,,Patrolling AAT (Hyperspace),Printing:NormalFoilNormal,Condition:Near MintNear MintLightly Played,Common,495,$0.21,Quantity:1123456789Add To Cart
Select table row 344,,Patrolling V-Wing,Normal,Condition:Near MintNear MintLightly Played,Special,107/257,$0.56,Quantity:1123456789Add To Cart
Select table row 345,,Pau City,Printing:NormalFoilNormal,Condition:Near MintNear MintLightly Played,Rare,019/257,$0.17,Quantity:1123456789Add To Cart
Select table row 346,,Pau City (Hyperspace),Printing:NormalFoilNormal,Condition:Near MintNear MintLightly Played,Rare,294,$1.79,Quantity:1123456789Add To Cart
Select table row 347,,Pelta Supply Frigate,Printing:NormalFoilNormal,Condition:Near MintNear MintLightly Played,Common,095/257,$0.07,Quantity:1123456789Add To Cart
Select table row 348,,Pelta Supply Frigate (Hyperspace),Printing:NormalFoilNormal,Condition:Near MintNear MintLightly Played,Common,367,$0.16,Quantity:1123456789Add To Cart
Select table row 349,,Perilous Position,Printing:NormalFoilNormal,Condition:Near MintNear MintLightly Played,Common,070/257,$0.12,Quantity:1123456789Add To Cart
Select table row 350,,Perilous Position (Hyperspace),Printing:NormalFoilNormal,Condition:Near MintNear MintLightly Played,Common,343,$0.30,Quantity:1123456789Add To Cart
Select table row 351,,Petition the Senate,Printing:NormalFoilNormal,Condition:Near MintNear MintLightly PlayedModerately Played,Rare,100/257,$0.20,Quantity:1123456789Add To Cart
Select table row 352,,Petition the Senate (Hyperspace),Printing:NormalFoilNormal,Condition:Near MintNear MintLightly Played,Rare,371,$0.57,Quantity:1123456789Add To Cart
Select table row 353,,Petranaki Arena,Printing:NormalFoilNormal,Condition:Near MintNear MintLightly Played,Rare,028/257,$0.16,Quantity:1123456789Add To Cart
Select table row 354,,Petranaki Arena (Hyperspace),Printing:NormalFoilNormal,Condition:Near MintNear MintLightly Played,Rare,303,$3.76,Quantity:1123456789Add To Cart
Select table row 355,,Phase I Clone Trooper,Printing:NormalFoilNormal,Condition:Near MintNear MintLightly Played,Common,241/257,$0.05,Quantity:1123456789Add To Cart
Select table row 356,,Phase I Clone Trooper (Hyperspace),Printing:NormalFoilNormal,Condition:Near MintNear MintLightly Played,Common,502,$0.19,Quantity:1123456789Add To Cart
Select table row 357,,Phase II Clone Trooper,Printing:NormalFoilNormal,Condition:Near MintNear MintLightly Played,Common,242/257,$0.04,Quantity:1123456789Add To Cart
Select table row 358,,Phase II Clone Trooper (Hyperspace),Printing:NormalFoilNormal,Condition:Near MintNear MintLightly Played,Common,503,$0.23,Quantity:1123456789Add To Cart
Select table row 359,,Planetary Invasion,Printing:NormalFoilNormal,Condition:Near MintNear MintLightly Played,Legendary,178/257,$0.45,Quantity:1123456789Add To Cart
Select table row 360,,Planetary Invasion (Hyperspace),Printing:NormalFoilNormal,Condition:Near MintNear MintLightly Played,Legendary,444,$1.57,Quantity:1123456789Add To Cart
Select table row 361,,Plo Koon - Koh-to-yah!,Printing:NormalFoilNormal,Condition:Near MintNear MintLightly PlayedModerately Played,Uncommon,196/257,$0.46,Quantity:1123456789Add To Cart
Select table row 362,,Plo Koon - Koh-to-yah! (Hyperspace),Printing:NormalFoilNormal,Condition:Near MintNear MintLightly Played,Uncommon,461,$3.37,Quantity:1123456789Add To Cart
Select table row 363,,Poggle the Lesser - Archduke of the Stalgasin Hive,Printing:NormalFoilNormal,Condition:Near MintNear MintLightly Played,Rare,080/257,$0.27,Quantity:1123456789Add To Cart
Select table row 364,,Poggle the Lesser - Archduke of the Stalgasin Hive (Hyperspace),Printing:NormalFoilNormal,Near Mint,Rare,353,$4.82,Quantity:1123456789Add To Cart
Select table row 365,,Political Pressure,Printing:NormalFoilNormal,Condition:Near MintNear MintLightly Played,Common,222/257,$0.05,Quantity:1123456789Add To Cart
Select table row 366,,Political Pressure (Hyperspace),Printing:NormalFoilNormal,Near Mint,Common,487,$0.19,Quantity:1123456789Add To Cart
Select table row 367,,Pre Vizsla - Pursuing the Throne,Normal,Condition:Near MintNear MintLightly Played,Rare,010/257,$0.12,Quantity:1123456789Add To Cart
Select table row 368,,Pre Vizsla - Pursuing the Throne (Hyperspace),Normal,Condition:Near MintNear MintLightly Played,Rare,285,$0.26,Quantity:1123456789Add To Cart
Select table row 369,,Pre Vizsla - Pursuing the Throne (Showcase),Foil,Near Mint,Rare,267,$47.69,Quantity:1123456789Add To Cart
Select table row 370,,Prisoner of War,Printing:NormalFoilNormal,Condition:Near MintNear MintLightly Played,Uncommon,227/257,$0.10,Quantity:1123456789Add To Cart
Select table row 371,,Prisoner of War (Hyperspace),Printing:NormalFoilNormal,Near Mint,Uncommon,491,$0.28,Quantity:1123456789Add To Cart
Select table row 372,,Private Manufacturing,Printing:NormalFoilNormal,Condition:Near MintNear MintLightly Played,Uncommon,257/257,$0.06,Quantity:1123456789Add To Cart
Select table row 373,,Private Manufacturing (Hyperspace),Printing:NormalFoilNormal,Near Mint,Uncommon,517,$0.46,Quantity:1123456789Add To Cart
Select table row 374,,Providence Destroyer,Printing:NormalFoilNormal,Condition:Near MintNear MintLightly Played,Uncommon,038/257,$0.09,Quantity:1123456789Add To Cart
Select table row 375,,Providence Destroyer (Hyperspace),Printing:NormalFoilNormal,Condition:Near MintNear MintLightly Played,Uncommon,311,$0.35,Quantity:1123456789Add To Cart
Select table row 376,,Pyke Palace (Hyperspace),Normal,Condition:Near MintNear MintLightly Played,Common,519,$0.19,Quantity:1123456789Add To Cart
Select table row 377,,Pyke Palace // Battle Droid,Normal,Condition:Near MintNear MintLightly Played,Common,030/257 // T01/T02,$0.07,Quantity:1123456789Add To Cart
Select table row 378,,Pyke Palace // Battle Droid (Hyperspace),Normal,Near Mint,Common,519 // T03,$0.14,Quantity:1123456789Add To Cart
Select table row 379,,Pyke Palace // Clone Trooper,Normal,Condition:Near MintNear MintLightly Played,Common,030/257 // T02/T02,$0.06,Quantity:1123456789Add To Cart
Select table row 380,,Pyke Palace // Clone Trooper (Hyperspace),Normal,Condition:Near MintNear MintLightly Played,Common,519 // T04,$0.16,Quantity:1123456789Add To Cart
Select table row 381,,Pyrrhic Assault,Printing:NormalFoilNormal,Condition:Near MintNear MintLightly PlayedModerately PlayedDamaged,Legendary,103/257,$0.49,Quantity:1123456789Add To Cart
Select table row 382,,Pyrrhic Assault (Hyperspace),Printing:NormalFoilNormal,Condition:Near MintNear MintLightly Played,Legendary,374,$1.32,Quantity:1123456789Add To Cart
Select table row 383,,Quinlan Vos - Sticking the Landing,Normal,Condition:Near MintNear MintLightly Played,Common,018/257,$0.08,Quantity:1123456789Add To Cart
Select table row 384,,Quinlan Vos - Sticking the Landing (Hyperspace),Normal,Condition:Near MintNear MintLightly Played,Common,293,$0.16,Quantity:1123456789Add To Cart
Select table row 385,,Quinlan Vos - Sticking the Landing (Showcase),Foil,Condition:Near MintNear MintLightly PlayedDamaged,Common,275,$140.15,Quantity:1123456789Add To Cart
Select table row 386,,R2-D2 - Full of Solutions,Printing:NormalFoilNormal,Condition:Near MintNear MintLightly Played,Uncommon,193/257,$0.13,Quantity:1123456789Add To Cart
Select table row 387,,R2-D2 - Full of Solutions (Hyperspace),Printing:NormalFoilNormal,Condition:Near MintNear MintLightly Played,Uncommon,458,$0.85,Quantity:1123456789Add To Cart
Select table row 388,,Reckless Torrent,Printing:NormalFoilNormal,Condition:Near MintNear MintLightly Played,Common,162/257,$0.04,Quantity:1123456789Add To Cart
Select table row 389,,Reckless Torrent (Hyperspace),Printing:NormalFoilNormal,Near Mint,Common,429,$0.13,Quantity:1123456789Add To Cart
Select table row 390,,Relentless Rocket Droid,Printing:NormalFoilNormal,Condition:Near MintNear MintLightly Played,Common,163/257,$0.06,Quantity:1123456789Add To Cart
Select table row 391,,Relentless Rocket Droid (Hyperspace),Printing:NormalFoilNormal,Near Mint,Common,430,$0.17,Quantity:1123456789Add To Cart
Select table row 392,,Reprocess,Printing:NormalFoilNormal,Condition:Near MintNear MintLightly Played,Uncommon,088/257,$0.11,Quantity:1123456789Add To Cart
Select table row 393,,Reprocess (Hyperspace),Printing:NormalFoilNormal,Near Mint,Uncommon,360,$0.43,Quantity:1123456789Add To Cart
Select table row 394,,Republic ARC-170,Printing:NormalFoilNormal,Condition:Near MintNear MintLightly Played,Common,111/257,$0.05,Quantity:1123456789Add To Cart
Select table row 395,,Republic ARC-170 (Hyperspace),Printing:NormalFoilNormal,Condition:Near MintNear MintLightly Played,Common,381,$0.21,Quantity:1123456789Add To Cart
Select table row 396,,Republic Attack Pod,Printing:NormalFoilNormal,Condition:Near MintNear MintLightly Played,Common,197/257,$0.04,Quantity:1123456789Add To Cart
Select table row 397,,Republic Attack Pod (Hyperspace),Printing:NormalFoilNormal,Near Mint,Common,462,$0.15,Quantity:1123456789Add To Cart
Select table row 398,,Republic Commando,Printing:NormalFoilNormal,Condition:Near MintNear MintLightly Played,Common,243/257,$0.07,Quantity:1123456789Add To Cart
Select table row 399,,Republic Commando (Hyperspace),Printing:NormalFoilNormal,Condition:Near MintNear MintLightly Played,Common,504,$0.18,Quantity:1123456789Add To Cart
Select table row 400,,Republic Defense Carrier,Printing:NormalFoilNormal,Condition:Near MintNear MintLightly Played,Uncommon,098/257,$0.09,Quantity:1123456789Add To Cart
Select table row 401,,Republic Defense Carrier (Hyperspace),Printing:NormalFoilNormal,Condition:Near MintNear MintLightly Played,Uncommon,369,$0.38,Quantity:1123456789Add To Cart
Select table row 402,,Republic Tactical Officer,Printing:NormalFoilNormal,Condition:Near MintNear MintLightly Played,Common,091/257,$0.05,Quantity:1123456789Add To Cart
Select table row 403,,Republic Tactical Officer (Hyperspace),Printing:NormalFoilNormal,Near Mint,Common,363,$0.21,Quantity:1123456789Add To Cart
Select table row 404,,Resolute - Under Anakin's Command,Printing:NormalFoilNormal,Condition:Near MintNear MintLightly Played,Legendary,151/257,$0.66,Quantity:1123456789Add To Cart
Select table row 405,,Resolute - Under Anakin's Command (Hyperspace),Printing:NormalFoilNormal,Condition:Near MintNear MintLightly PlayedModerately Played,Legendary,418,$3.03,Quantity:1123456789Add To Cart
Select table row 406,,Resupply,Printing:NormalFoilNormal,Condition:Near MintNear MintLightly Played,Common,127/257,$0.12,Quantity:1123456789Add To Cart
Select table row 407,,Resupply (Hyperspace),Printing:NormalFoilNormal,Condition:Near MintNear MintLightly Played,Common,395,$0.29,Quantity:1123456789Add To Cart
Select table row 408,,Roger Roger,Printing:NormalFoilNormal,Condition:Near MintNear MintLightly Played,Rare,069/257,$0.19,Quantity:1123456789Add To Cart
Select table row 409,,Roger Roger (Hyperspace),Printing:NormalFoilNormal,Near Mint,Rare,342,$0.85,Quantity:1123456789Add To Cart
Select table row 410,,Royal Guard Attache (Hyperspace),Printing:NormalFoilNormal,Near Mint,Common,332,$0.18,Quantity:1123456789Add To Cart
Select table row 411,,Royal Guard Attaché,Printing:NormalFoilNormal,Near Mint,Common,059/257,$0.05,Quantity:1123456789Add To Cart
Select table row 412,,Rune Haako - Scheming Second,Printing:NormalFoilNormal,Condition:Near MintNear MintLightly Played,Uncommon,031/257,$0.09,Quantity:1123456789Add To Cart
Select table row 413,,Rune Haako - Scheming Second (Hyperspace),Printing:NormalFoilNormal,Condition:Near MintNear MintLightly Played,Uncommon,304,$0.35,Quantity:1123456789Add To Cart
Select table row 414,,Rush Clovis - Banking Clan Scion,Printing:NormalFoilNormal,Condition:Near MintNear MintLightly Played,Rare,183/257,$0.19,Quantity:1123456789Add To Cart
Select table row 415,,Rush Clovis - Banking Clan Scion (Hyperspace),Printing:NormalFoilNormal,Condition:Near MintNear MintLightly Played,Rare,448,$0.79,Quantity:1123456789Add To Cart
Select table row 416,,Ryloth Militia,Printing:NormalFoilNormal,Condition:Near MintNear MintLightly Played,Common,108/257,$0.06,Quantity:1123456789Add To Cart
Select table row 417,,Ryloth Militia (Hyperspace),Printing:NormalFoilNormal,Near Mint,Common,378,$0.17,Quantity:1123456789Add To Cart
Select table row 418,,Sabine Wren - You Can Count On Me,Printing:NormalFoilNormal,Condition:Near MintNear MintLightly Played,Rare,195/257,$0.39,Quantity:1123456789Add To Cart
Select table row 419,,Sabine Wren - You Can Count On Me (Hyperspace),Printing:NormalFoilNormal,Condition:Near MintNear MintLightly Played,Rare,460,$3.30,Quantity:1123456789Add To Cart
Select table row 420,,San Hill - Chairman of the Banking Clan,Printing:NormalFoilNormal,Condition:Near MintNear MintLightly Played,Rare,186/257,$0.20,Quantity:1123456789Add To Cart
Select table row 421,,San Hill - Chairman of the Banking Clan (Hyperspace),Printing:NormalFoilNormal,Condition:Near MintNear MintLightly Played,Rare,451,$0.91,Quantity:1123456789Add To Cart
Select table row 422,,Sanctioner's Shuttle,Printing:NormalFoilNormal,Condition:Near MintNear MintLightly Played,Uncommon,213/257,$0.33,Quantity:1123456789Add To Cart
Select table row 423,,Sanctioner's Shuttle (Hyperspace),Printing:NormalFoilNormal,Condition:Near MintNear MintLightly Played,Uncommon,478,$8.28,Quantity:1123456789Add To Cart
Select table row 424,,Satine Kryze - Committed to Peace,Printing:NormalFoilNormal,Condition:Near MintNear MintLightly Played,Legendary,047/257,$0.81,Quantity:1123456789Add To Cart
Select table row 425,,Satine Kryze - Committed to Peace (Hyperspace),Printing:NormalFoilNormal,Condition:Near MintNear MintLightly Played,Legendary,320,$2.86,Quantity:1123456789Add To Cart
Select table row 426,,Savage Opress - Monster,Printing:NormalFoilNormal,Condition:Near MintNear MintLightly Played,Uncommon,137/257,$0.10,Quantity:1123456789Add To Cart
Select table row 427,,Savage Opress - Monster (Hyperspace),Printing:NormalFoilNormal,Condition:Near MintNear MintLightly Played,Uncommon,405,$0.43,Quantity:1123456789Add To Cart
Select table row 428,,Saw Gerrera - Resistance is Not Terrorism,Printing:NormalFoilNormal,Condition:Near MintNear MintLightly Played,Rare,150/257,$0.15,Quantity:1123456789Add To Cart
Select table row 429,,Saw Gerrera - Resistance is Not Terrorism (Hyperspace),Printing:NormalFoilNormal,Condition:Near MintNear MintLightly Played,Rare,417,$0.62,Quantity:1123456789Add To Cart
Select table row 430,,Self-Destruct,Printing:NormalFoilNormal,Condition:Near MintNear MintLightly Played,Uncommon,140/257,$0.11,Quantity:1123456789Add To Cart
Select table row 431,,Self-Destruct (Hyperspace),Printing:NormalFoilNormal,Near Mint,Uncommon,408,$0.38,Quantity:1123456789Add To Cart
Select table row 432,,Senatorial Corvette,Printing:NormalFoilNormal,Condition:Near MintNear MintLightly Played,Common,148/257,$0.04,Quantity:1123456789Add To Cart
Select table row 433,,Senatorial Corvette (Hyperspace),Printing:NormalFoilNormal,Near Mint,Common,415,$0.19,Quantity:1123456789Add To Cart
Select table row 434,,Separatist Commando,Normal,Condition:Near MintNear MintLightly Played,Special,180/257,$2.15,Quantity:1123456789Add To Cart
Select table row 435,,Separatist Super Tank,Printing:NormalFoilNormal,Condition:Near MintNear MintLightly Played,Common,087/257,$0.05,Quantity:1123456789Add To Cart
Select table row 436,,Separatist Super Tank (Hyperspace),Printing:NormalFoilNormal,Near Mint,Common,359,$0.20,Quantity:1123456789Add To Cart
Select table row 437,,Shaak Ti - Unity Wins Wars,Printing:NormalFoilNormal,Condition:Near MintNear MintLightly Played,Uncommon,094/257,$0.12,Quantity:1123456789Add To Cart
Select table row 438,,Shaak Ti - Unity Wins Wars (Hyperspace),Printing:NormalFoilNormal,Near Mint,Uncommon,366,$0.99,Quantity:1123456789Add To Cart
Select table row 439,,Shadow Collective Camp,Printing:NormalFoilNormal,Condition:Near MintNear MintLightly Played,Rare,025/257,$0.15,Quantity:1123456789Add To Cart
Select table row 440,,Shadow Collective Camp (Hyperspace),Printing:NormalFoilNormal,Condition:Near MintNear MintLightly PlayedModerately Played,Rare,300,$1.63,Quantity:1123456789Add To Cart
Select table row 441,,Shadowed Intentions,Printing:NormalFoilNormal,Condition:Near MintNear MintLightly Played,Rare,220/257,$0.21,Quantity:1123456789Add To Cart
Select table row 442,,Shadowed Intentions (Hyperspace),Printing:NormalFoilNormal,Condition:Near MintNear MintLightly Played,Rare,485,$1.70,Quantity:1123456789Add To Cart
Select table row 443,,Sly Moore - Secretive Advisor,Printing:NormalFoilNormal,Condition:Near MintNear MintLightly Played,Rare,211/257,$0.17,Quantity:1123456789Add To Cart
Select table row 444,,Sly Moore - Secretive Advisor (Hyperspace),Printing:NormalFoilNormal,Near Mint,Rare,476,$0.66,Quantity:1123456789Add To Cart
Select table row 445,,Soldier of the 501st,Printing:NormalFoilNormal,Condition:Near MintNear MintLightly PlayedModerately Played,Common,141/257,$0.07,Quantity:1123456789Add To Cart
Select table row 446,,Soldier of the 501st (Hyperspace),Printing:NormalFoilNormal,Condition:Near MintNear MintLightly Played,Common,409,$0.29,Quantity:1123456789Add To Cart
Select table row 447,,Soulless One - Customized for Grievous,Printing:NormalFoilNormal,Condition:Near MintNear MintLightly Played,Uncommon,179/257,$0.07,Quantity:1123456789Add To Cart
Select table row 448,,Soulless One - Customized for Grievous (Hyperspace),Printing:NormalFoilNormal,Condition:Near MintNear MintLightly Played,Uncommon,445,$0.34,Quantity:1123456789Add To Cart
Select table row 449,,Squad Support,Printing:NormalFoilNormal,Condition:Near MintNear MintLightly Played,Uncommon,122/257,$0.08,Quantity:1123456789Add To Cart
Select table row 450,,Squad Support (Hyperspace),Printing:NormalFoilNormal,Near Mint,Uncommon,392,$0.38,Quantity:1123456789Add To Cart
Select table row 451,,Squadron of Vultures,Printing:NormalFoilNormal,Condition:Near MintNear MintLightly Played,Common,136/257,$0.05,Quantity:1123456789Add To Cart
Select table row 452,,Squadron of Vultures (Hyperspace),Printing:NormalFoilNormal,Near Mint,Common,404,$0.16,Quantity:1123456789Add To Cart
Select table row 453,,Steadfast Senator,Printing:NormalFoilNormal,Condition:Near MintNear MintLightly Played,Uncommon,105/257,$0.08,Quantity:1123456789Add To Cart
Select table row 454,,Steadfast Senator (Hyperspace),Printing:NormalFoilNormal,Condition:Near MintNear MintLightly Played,Uncommon,376,$0.21,Quantity:1123456789Add To Cart
Select table row 455,,Steela Gerrera - Beloved Tactician,Printing:NormalFoilNormal,Condition:Near MintNear MintLightly Played,Rare,146/257,$0.18,Quantity:1123456789Add To Cart
Select table row 456,,Steela Gerrera - Beloved Tactician (Hyperspace),Printing:NormalFoilNormal,Condition:Near MintNear MintLightly Played,Rare,414,$1.52,Quantity:1123456789Add To Cart
Select table row 457,,Strategic Acumen,Printing:NormalFoilNormal,Condition:Near MintNear MintLightly Played,Common,120/257,$0.03,Quantity:1123456789Add To Cart
Select table row 458,,Strategic Acumen (Hyperspace),Printing:NormalFoilNormal,Near Mint,Common,390,$0.13,Quantity:1123456789Add To Cart
Select table row 459,,Strategic Analysis,Printing:NormalFoilNormal,Condition:Near MintNear MintLightly Played,Common,175/257,$0.04,Quantity:1123456789Add To Cart
Select table row 460,,Strategic Analysis (Hyperspace),Printing:NormalFoilNormal,Near Mint,Common,441,$0.20,Quantity:1123456789Add To Cart
Select table row 461,,Subjugating Starfighter,Printing:NormalFoilNormal,Near Mint,Common,112/257,$0.06,Quantity:1123456789Add To Cart
Select table row 462,,Subjugating Starfighter (Hyperspace),Printing:NormalFoilNormal,Near Mint,Common,382,$0.21,Quantity:1123456789Add To Cart
Select table row 463,,Sundari (Hyperspace),Normal,Near Mint,Common,295,$0.30,Quantity:1123456789Add To Cart
Select table row 464,,Sundari // Battle Droid,Normal,Condition:Near MintNear MintLightly Played,Common,020/257 // T01/T02,$0.08,Quantity:1123456789Add To Cart
Select table row 465,,Sundari // Battle Droid (Hyperspace),Normal,Near Mint,Common,295 // T03,$0.17,Quantity:1123456789Add To Cart
Select table row 466,,Sundari // Clone Trooper,Normal,Near Mint,Common,020/257 // T02/T02,$0.07,Quantity:1123456789Add To Cart
Select table row 467,,Sundari // Clone Trooper (Hyperspace),Normal,Condition:Near MintNear MintLightly Played,Common,295 // T04,$0.18,Quantity:1123456789Add To Cart
Select table row 468,,Super Battle Droid,Printing:NormalFoilNormal,Condition:Near MintNear MintLightly Played,Common,230/257,$0.05,Quantity:1123456789Add To Cart
Select table row 469,,Super Battle Droid (Hyperspace),Printing:NormalFoilNormal,Near Mint,Common,493,$0.17,Quantity:1123456789Add To Cart
Select table row 470,,Sword and Shield Maneuver,Printing:NormalFoilNormal,Condition:Near MintNear MintLightly Played,Uncommon,250/257,$0.08,Quantity:1123456789Add To Cart
Select table row 471,,Sword and Shield Maneuver (Hyperspace),Printing:NormalFoilNormal,Near Mint,Uncommon,510,$0.28,Quantity:1123456789Add To Cart
Select table row 472,,Synchronized Strike,Printing:NormalFoilNormal,Condition:Near MintNear MintLightly Played,Uncommon,099/257,$0.08,Quantity:1123456789Add To Cart
Select table row 473,,Synchronized Strike (Hyperspace),Printing:NormalFoilNormal,Condition:Near MintNear MintLightly Played,Uncommon,370,$0.35,Quantity:1123456789Add To Cart
Select table row 474,,Tactical Advantage,Normal,Condition:Near MintNear MintLightly Played,Special,124/257,$0.61,Quantity:1123456789Add To Cart
Select table row 475,,Tactical Droid Commander,Printing:NormalFoilNormal,Condition:Near MintNear MintLightly PlayedModerately Played,Uncommon,184/257,$0.06,Quantity:1123456789Add To Cart
Select table row 476,,Tactical Droid Commander (Hyperspace),Printing:NormalFoilNormal,Condition:Near MintNear MintLightly Played,Uncommon,449,$0.37,Quantity:1123456789Add To Cart
Select table row 477,,Take Captive,Printing:NormalFoilNormal,Condition:Near MintNear MintLightly Played,Common,128/257,$0.05,Quantity:1123456789Add To Cart
Select table row 478,,Take Captive (Hyperspace),Printing:NormalFoilNormal,Condition:Near MintNear MintLightly Played,Common,396,$0.18,Quantity:1123456789Add To Cart
Select table row 479,,The Clone Wars,Printing:NormalFoilNormal,Condition:Near MintNear MintLightly PlayedModerately Played,Rare,125/257,$0.18,Quantity:1123456789Add To Cart
Select table row 480,,The Clone Wars (Hyperspace),Printing:NormalFoilNormal,Near Mint,Rare,393,$1.02,Quantity:1123456789Add To Cart
Select table row 481,,The Crystal City (Hyperspace),Normal,Near Mint,Common,296,$0.21,Quantity:1123456789Add To Cart
Select table row 482,,The Crystal City // Battle Droid,Normal,Near Mint,Common,021/257 // T01/T02,$0.07,Quantity:1123456789Add To Cart
Select table row 483,,The Crystal City // Battle Droid (Hyperspace),Normal,Condition:Near MintNear MintLightly Played,Common,296 // T03,$0.18,Quantity:1123456789Add To Cart
Select table row 484,,The Crystal City // Clone Trooper,Normal,Near Mint,Common,021/257 // T02/T02,$0.05,Quantity:1123456789Add To Cart
Select table row 485,,The Crystal City // Clone Trooper (Hyperspace),Normal,Near Mint,Common,296 // T04,$0.15,Quantity:1123456789Add To Cart
Select table row 486,,The Invasion of Christophsis,Printing:NormalFoilNormal,Condition:Near MintNear MintLightly PlayedModerately Played,Legendary,078/257,$0.38,Quantity:1123456789Add To Cart
Select table row 487,,The Invasion of Christophsis (Hyperspace),Printing:NormalFoilNormal,Condition:Near MintNear MintLightly Played,Legendary,351,$1.30,Quantity:1123456789Add To Cart
Select table row 488,,The Invisible Hand - Imposing Flagship,Printing:NormalFoilNormal,Condition:Near MintNear MintLightly Played,Rare,234/257,$0.22,Quantity:1123456789Add To Cart
Select table row 489,,The Invisible Hand - Imposing Flagship (Hyperspace),Printing:NormalFoilNormal,Condition:Near MintNear MintLightly Played,Rare,497,$2.36,Quantity:1123456789Add To Cart
Select table row 490,,The Nest (Hyperspace),Normal,Near Mint,Common,302,$0.24,Quantity:1123456789Add To Cart
Select table row 491,,The Nest // Battle Droid,Normal,Near Mint,Common,027/257 // T01/T02,$0.06,Quantity:1123456789Add To Cart
Select table row 492,,The Nest // Battle Droid (Hyperspace),Normal,Near Mint,Common,302 // T03,$0.16,Quantity:1123456789Add To Cart
Select table row 493,,The Nest // Clone Trooper,Normal,Condition:Near MintNear MintLightly Played,Common,027/257 // T02/T02,$0.05,Quantity:1123456789Add To Cart
Select table row 494,,The Nest // Clone Trooper (Hyperspace),Normal,Near Mint,Common,302 // T04,$0.15,Quantity:1123456789Add To Cart
Select table row 495,,The Zillo Beast - Awoken From The Depths,Printing:NormalFoilNormal,Condition:Near MintNear MintLightly Played,Rare,067/257,$0.27,Quantity:1123456789Add To Cart
Select table row 496,,The Zillo Beast - Awoken From The Depths (Hyperspace),Printing:NormalFoilNormal,Condition:Near MintNear MintLightly Played,Rare,340,$1.94,Quantity:1123456789Add To Cart
Select table row 497,,Tipoca City (Hyperspace),Normal,Near Mint,Common,299,$0.21,Quantity:1123456789Add To Cart
Select table row 498,,Tipoca City // Battle Droid,Normal,Near Mint,Common,024/257 // T01/T02,$0.08,Quantity:1123456789Add To Cart
Select table row 499,,Tipoca City // Battle Droid (Hyperspace),Normal,Near Mint,Common,299 // T03,$0.17,Quantity:1123456789Add To Cart
Select table row 500,,Tipoca City // Clone Trooper,Normal,Near Mint,Common,024/257 // T02/T02,$0.05,Quantity:1123456789Add To Cart
Select table row 501,,Tipoca City // Clone Trooper (Hyperspace),Normal,Near Mint,Common,299 // T04,$0.19,Quantity:1123456789Add To Cart
Select table row 502,,Trade Federation Shuttle,Printing:NormalFoilNormal,Condition:Near MintNear MintLightly Played,Common,060/257,$0.04,Quantity:1123456789Add To Cart
Select table row 503,,Trade Federation Shuttle (Hyperspace),Printing:NormalFoilNormal,Near Mint,Common,333,$0.15,Quantity:1123456789Add To Cart
Select table row 504,,Tranquility - Inspiring Flagship,Printing:NormalFoilNormal,Condition:Near MintNear MintLightly Played,Rare,246/257,$0.17,Quantity:1123456789Add To Cart
Select table row 505,,Tranquility - Inspiring Flagship (Hyperspace),Printing:NormalFoilNormal,Condition:Near MintNear MintLightly Played,Rare,507,$3.33,Quantity:1123456789Add To Cart
Select table row 506,,Tri-Droid Suppressor,Printing:NormalFoilNormal,Near Mint,Common,217/257,$0.04,Quantity:1123456789Add To Cart
Select table row 507,,Tri-Droid Suppressor (Hyperspace),Printing:NormalFoilNormal,Near Mint,Common,482,$0.18,Quantity:1123456789Add To Cart
Select table row 508,,Twice the Pride,Printing:NormalFoilNormal,Condition:Near MintNear MintLightly Played,Uncommon,155/257,$0.12,Quantity:1123456789Add To Cart
Select table row 509,,Twice the Pride (Hyperspace),Printing:NormalFoilNormal,Condition:Near MintNear MintLightly Played,Uncommon,422,$0.48,Quantity:1123456789Add To Cart
Select table row 510,,Unlimited Power,Printing:NormalFoilNormal,Condition:Near MintNear MintLightly PlayedModerately PlayedDamaged,Legendary,156/257,$0.97,Quantity:1123456789Add To Cart
Select table row 511,,Unlimited Power (Hyperspace),Printing:NormalFoilNormal,Condition:Near MintNear MintLightly Played,Legendary,423,$2.29,Quantity:1123456789Add To Cart
Select table row 512,,Unmasking the Conspiracy,Printing:NormalFoilNormal,Condition:Near MintNear MintLightly Played,Rare,223/257,$0.20,Quantity:1123456789Add To Cart
Select table row 513,,Unmasking the Conspiracy (Hyperspace),Printing:NormalFoilNormal,Condition:Near MintNear MintLightly Played,Rare,488,$1.09,Quantity:1123456789Add To Cart
Select table row 514,,Unnatural Life,Printing:NormalFoilNormal,Condition:Near MintNear MintLightly Played,Rare,189/257,$0.19,Quantity:1123456789Add To Cart
Select table row 515,,Unnatural Life (Hyperspace),Printing:NormalFoilNormal,Condition:Near MintNear MintLightly Played,Rare,454,$1.02,Quantity:1123456789Add To Cart
Select table row 516,,Unshakeable Will,Printing:NormalFoilNormal,Condition:Near MintNear MintLightly Played,Uncommon,071/257,$0.10,Quantity:1123456789Add To Cart
Select table row 517,,Unshakeable Will (Hyperspace),Printing:NormalFoilNormal,Condition:Near MintNear MintLightly Played,Uncommon,344,$0.30,Quantity:1123456789Add To Cart
Select table row 518,,Vanguard Droid Bomber,Printing:NormalFoilNormal,Condition:Near MintNear MintLightly Played,Common,160/257,$0.06,Quantity:1123456789Add To Cart
Select table row 519,,Vanguard Droid Bomber (Hyperspace),Printing:NormalFoilNormal,Near Mint,Common,427,$0.24,Quantity:1123456789Add To Cart
Select table row 520,,Vanquish,Printing:NormalFoilNormal,Condition:Near MintNear MintLightly Played,Common,077/257,$0.06,Quantity:1123456789Add To Cart
Select table row 521,,Vanquish (Hyperspace),Printing:NormalFoilNormal,Condition:Near MintNear MintLightly Played,Common,350,$0.22,Quantity:1123456789Add To Cart
Select table row 522,,Volunteer Soldier,Printing:NormalFoilNormal,Condition:Near MintNear MintLightly Played,Common,254/257,$0.04,Quantity:1123456789Add To Cart
Select table row 523,,Volunteer Soldier (Hyperspace),Printing:NormalFoilNormal,Near Mint,Common,514,$0.16,Quantity:1123456789Add To Cart
Select table row 524,,Vulture Interceptor Wing,Printing:NormalFoilNormal,Condition:Near MintNear MintLightly Played,Uncommon,063/257,$0.07,Quantity:1123456789Add To Cart
Select table row 525,,Vulture Interceptor Wing (Hyperspace),Printing:NormalFoilNormal,Near Mint,Uncommon,336,$0.33,Quantity:1123456789Add To Cart
Select table row 526,,Warrior Drone,Printing:NormalFoilNormal,Condition:Near MintNear MintLightly Played,Common,057/257,$0.04,Quantity:1123456789Add To Cart
Select table row 527,,Warrior Drone (Hyperspace),Printing:NormalFoilNormal,Near Mint,Common,330,$0.20,Quantity:1123456789Add To Cart
Select table row 528,,Wartime Profiteering,Printing:NormalFoilNormal,Condition:Near MintNear MintLightly Played,Uncommon,188/257,$0.06,Quantity:1123456789Add To Cart
Select table row 529,,Wartime Profiteering (Hyperspace),Printing:NormalFoilNormal,Near Mint,Uncommon,453,$0.30,Quantity:1123456789Add To Cart
Select table row 530,,Wartime Trade Official,Printing:NormalFoilNormal,Condition:Near MintNear MintLightly Played,Common,032/257,$0.06,Quantity:1123456789Add To Cart
Select table row 531,,Wartime Trade Official (Hyperspace),Printing:NormalFoilNormal,Condition:Near MintNear MintLightly Played,Common,305,$0.22,Quantity:1123456789Add To Cart
Select table row 532,,Wat Tambor - Techno Union Foreman,Normal,Condition:Near MintNear MintLightly Played,Rare,006/257,$0.16,Quantity:1123456789Add To Cart
Select table row 533,,Wat Tambor - Techno Union Foreman (Hyperspace),Normal,Condition:Near MintNear MintLightly Played,Rare,281,$0.30,Quantity:1123456789Add To Cart
Select table row 534,,Wat Tambor - Techno Union Foreman (Showcase),Foil,Condition:Near MintNear MintLightly Played,Rare,263,$47.44,Quantity:1123456789Add To Cart
Select table row 535,,Waylay,Normal,Condition:Near MintNear MintLightly Played,Special,226/257,$6.82,Quantity:1123456789Add To Cart
Select table row 536,,Wolf Pack Escort,Printing:NormalFoilNormal,Condition:Near MintNear MintLightly Played,Common,191/257,$0.04,Quantity:1123456789Add To Cart
Select table row 537,,Wolf Pack Escort (Hyperspace),Printing:NormalFoilNormal,Condition:Near MintNear MintLightly Played,Common,456,$0.27,Quantity:1123456789Add To Cart
Select table row 538,,Yoda - Sensing Darkness,Normal,Condition:Near MintNear MintLightly Played,Rare,004/257,$0.15,Quantity:1123456789Add To Cart
Select table row 539,,Yoda - Sensing Darkness (Hyperspace),Normal,Condition:Near MintNear MintLightly Played,Rare,279,$0.63,Quantity:1123456789Add To Cart
Select table row 540,,Yoda - Sensing Darkness (Showcase),Foil,Condition:Near MintNear MintLightly Played,Rare,261,$229.91,Quantity:1123456789Add To Cart
Select table row 541,,Ziro the Hutt - Colorful Schemer,Printing:NormalFoilNormal,Condition:Near MintNear MintLightly Played,Uncommon,185/257,$0.10,Quantity:1123456789Add To Cart
Select table row 542,,Ziro the Hutt - Colorful Schemer (Hyperspace),Printing:NormalFoilNormal,Condition:Near MintNear MintLightly Played,Uncommon,450,$0.39,Quantity:1123456789Add To Cart
